"","sp","taxo","group_kernels","group_detection","group_atlas"
"1","Black-bellied Whistling-Duck",215,"waterfowl_dabbling","Waterfowl","Dabbling Waterfowl"
"2","Black-bellied Whistling-Duck",215.3,"waterfowl_dabbling","Waterfowl","Dabbling Waterfowl"
"3","Fulvous Whistling-Duck",217,"waterfowl_dabbling","Waterfowl","Dabbling Waterfowl"
"4","whistling-duck sp.",223,"waterfowl_dabbling","Waterfowl","Dabbling Waterfowl"
"5","Swan Goose",227,"waterfowl_dabbling","Waterfowl","Dabbling Waterfowl"
"6","Swan Goose (Domestic type)",227.3,"waterfowl_dabbling","Waterfowl","Dabbling Waterfowl"
"7","Taiga Bean-Goose",228,"waterfowl_dabbling","Waterfowl","Dabbling Waterfowl"
"8","Tundra Bean-Goose",232,"waterfowl_dabbling","Waterfowl","Dabbling Waterfowl"
"9","Taiga/Tundra Bean-Goose",235,"waterfowl_dabbling","Waterfowl","Dabbling Waterfowl"
"10","Pink-footed Goose",236,"waterfowl_dabbling","Waterfowl","Dabbling Waterfowl"
"11","Greater White-fronted Goose",237,"waterfowl_dabbling","Waterfowl","Dabbling Waterfowl"
"12","Greater White-fronted Goose",238,"waterfowl_dabbling","Waterfowl","Dabbling Waterfowl"
"13","Greater White-fronted Goose",239,"waterfowl_dabbling","Waterfowl","Dabbling Waterfowl"
"14","Greater White-fronted Goose",240,"waterfowl_dabbling","Waterfowl","Dabbling Waterfowl"
"15","Greater White-fronted Goose",243,"waterfowl_dabbling","Waterfowl","Dabbling Waterfowl"
"16","Graylag Goose",248,"waterfowl_dabbling","Waterfowl","Dabbling Waterfowl"
"17","Graylag Goose",249,"waterfowl_dabbling","Waterfowl","Dabbling Waterfowl"
"18","Graylag Goose (Domestic type)",251,"waterfowl_dabbling","Waterfowl","Dabbling Waterfowl"
"19","Swan x Graylag Goose (Domestic type) (hybrid)",251.5,"waterfowl_dabbling","Waterfowl","Dabbling Waterfowl"
"20","Bar-headed Goose",252,"waterfowl_dabbling","Waterfowl","Dabbling Waterfowl"
"21","Domestic goose sp. (Domestic type)",252.7,"waterfowl_dabbling","Waterfowl","Dabbling Waterfowl"
"22","Anser sp.",252.9,"waterfowl_dabbling","Waterfowl","Dabbling Waterfowl"
"23","Emperor Goose",253,"waterfowl_dabbling","Waterfowl","Dabbling Waterfowl"
"24","Snow Goose",254,"waterfowl_dabbling","Waterfowl","Dabbling Waterfowl"
"25","Greater White-fronted x Snow Goose (hybrid)",256.5,"waterfowl_dabbling","Waterfowl","Dabbling Waterfowl"
"26","Ross's Goose",259,"waterfowl_dabbling","Waterfowl","Dabbling Waterfowl"
"27","Snow x Ross's Goose (hybrid)",259.5,"waterfowl_dabbling","Waterfowl","Dabbling Waterfowl"
"28","Snow/Ross's Goose",260,"waterfowl_dabbling","Waterfowl","Dabbling Waterfowl"
"29","Brant",261,"waterfowl_dabbling","Waterfowl","Dabbling Waterfowl"
"30","Brant",264,"waterfowl_dabbling","Waterfowl","Dabbling Waterfowl"
"31","Brant",266,"waterfowl_dabbling","Waterfowl","Dabbling Waterfowl"
"32","Brant",266.7,"waterfowl_dabbling","Waterfowl","Dabbling Waterfowl"
"33","Barnacle Goose",268,"waterfowl_dabbling","Waterfowl","Dabbling Waterfowl"
"34","Cackling Goose",271,"waterfowl_dabbling","Waterfowl","Dabbling Waterfowl"
"35","Cackling Goose",272,"waterfowl_dabbling","Waterfowl","Dabbling Waterfowl"
"36","Cackling Goose",273,"waterfowl_dabbling","Waterfowl","Dabbling Waterfowl"
"37","Cackling Goose",274,"waterfowl_dabbling","Waterfowl","Dabbling Waterfowl"
"38","Cackling Goose",276,"waterfowl_dabbling","Waterfowl","Dabbling Waterfowl"
"39","Greater White-fronted x Cackling Goose (hybrid)",276.3,"waterfowl_dabbling","Waterfowl","Dabbling Waterfowl"
"40","Canada Goose",277,"waterfowl_dabbling","Waterfowl","Dabbling Waterfowl"
"41","Canada Goose",278,"waterfowl_dabbling","Waterfowl","Dabbling Waterfowl"
"42","Canada Goose",281,"waterfowl_dabbling","Waterfowl","Dabbling Waterfowl"
"43","Canada Goose",284,"waterfowl_dabbling","Waterfowl","Dabbling Waterfowl"
"44","Canada Goose",287,"waterfowl_dabbling","Waterfowl","Dabbling Waterfowl"
"45","Swan Goose (Domestic type) x Canada Goose (hybrid)",287.1,"waterfowl_dabbling","Waterfowl","Dabbling Waterfowl"
"46","Greater White-fronted x Canada Goose (hybrid)",287.4,"waterfowl_dabbling","Waterfowl","Dabbling Waterfowl"
"47","Graylag x Canada Goose (hybrid)",287.5,"waterfowl_dabbling","Waterfowl","Dabbling Waterfowl"
"48","Graylag Goose (Domestic type) x Canada Goose (hybrid)",287.6,"waterfowl_dabbling","Waterfowl","Dabbling Waterfowl"
"49","Domestic goose sp. (Domestic type) x Canada Goose (hybrid)",287.65,"waterfowl_dabbling","Waterfowl","Dabbling Waterfowl"
"50","Snow x Canada Goose (hybrid)",287.7,"waterfowl_dabbling","Waterfowl","Dabbling Waterfowl"
"51","Barnacle x Canada Goose (hybrid)",287.9,"waterfowl_dabbling","Waterfowl","Dabbling Waterfowl"
"52","Cackling/Canada Goose",288,"waterfowl_dabbling","Waterfowl","Dabbling Waterfowl"
"53","Snow/Ross's x Cackling/Canada Goose (hybrid)",288.5,"waterfowl_dabbling","Waterfowl","Dabbling Waterfowl"
"54","Red-breasted Goose",290,"waterfowl_dabbling","Waterfowl","Dabbling Waterfowl"
"55","Branta sp.",291,"waterfowl_dabbling","Waterfowl","Dabbling Waterfowl"
"56","goose sp.",292,"waterfowl_dabbling","Waterfowl","Dabbling Waterfowl"
"57","Mute Swan",296,"waterfowl_dabbling","Waterfowl","Dabbling Waterfowl"
"58","Black Swan",297,"waterfowl_dabbling","Waterfowl","Dabbling Waterfowl"
"59","Trumpeter Swan",299,"waterfowl_dabbling","Waterfowl","Dabbling Waterfowl"
"60","Mute x Trumpeter Swan (hybrid)",300,"waterfowl_dabbling","Waterfowl","Dabbling Waterfowl"
"61","Tundra Swan",302,"waterfowl_dabbling","Waterfowl","Dabbling Waterfowl"
"62","Tundra Swan",303,"waterfowl_dabbling","Waterfowl","Dabbling Waterfowl"
"63","Tundra Swan",304,"waterfowl_dabbling","Waterfowl","Dabbling Waterfowl"
"64","Trumpeter/Tundra Swan",305,"waterfowl_dabbling","Waterfowl","Dabbling Waterfowl"
"65","Whooper Swan",306,"waterfowl_dabbling","Waterfowl","Dabbling Waterfowl"
"66","swan sp.",307,"waterfowl_dabbling","Waterfowl","Dabbling Waterfowl"
"67","Egyptian Goose",325,"waterfowl_dabbling","Waterfowl","Dabbling Waterfowl"
"68","Ruddy Shelduck",326,"waterfowl_dabbling","Waterfowl","Dabbling Waterfowl"
"69","South African Shelduck",327,"waterfowl_dabbling","Waterfowl","Dabbling Waterfowl"
"70","Common Shelduck",330,"waterfowl_dabbling","Waterfowl","Dabbling Waterfowl"
"71","Crested Duck",343,"waterfowl_dabbling","Waterfowl","Dabbling Waterfowl"
"72","Muscovy Duck",347,"waterfowl_dabbling","Waterfowl","Dabbling Waterfowl"
"73","Muscovy Duck",347.5,"waterfowl_dabbling","Waterfowl","Dabbling Waterfowl"
"74","Muscovy Duck (Domestic type)",348,"waterfowl_dabbling","Waterfowl","Dabbling Waterfowl"
"75","Ringed Teal",356,"waterfowl_dabbling","Waterfowl","Dabbling Waterfowl"
"76","Wood Duck",357,"waterfowl_dabbling","Waterfowl","Dabbling Waterfowl"
"77","Mandarin Duck",360,"waterfowl_dabbling","Waterfowl","Dabbling Waterfowl"
"78","Gadwall",377,"waterfowl_dabbling","Waterfowl","Dabbling Waterfowl"
"79","Gadwall",378,"waterfowl_dabbling","Waterfowl","Dabbling Waterfowl"
"80","Falcated Duck",383,"waterfowl_dabbling","Waterfowl","Dabbling Waterfowl"
"81","Eurasian Wigeon",384,"waterfowl_dabbling","Waterfowl","Dabbling Waterfowl"
"82","American Wigeon",386,"waterfowl_dabbling","Waterfowl","Dabbling Waterfowl"
"83","Gadwall x American Wigeon (hybrid)",386.3,"waterfowl_dabbling","Waterfowl","Dabbling Waterfowl"
"84","Eurasian x American Wigeon (hybrid)",386.5,"waterfowl_dabbling","Waterfowl","Dabbling Waterfowl"
"85","Eurasian/American Wigeon",388.7,"waterfowl_dabbling","Waterfowl","Dabbling Waterfowl"
"86","Chiloe Wigeon",389,"waterfowl_dabbling","Waterfowl","Dabbling Waterfowl"
"87","American Black Duck",390,"waterfowl_dabbling","Waterfowl","Dabbling Waterfowl"
"88","Mallard",396,"waterfowl_dabbling","Waterfowl","Dabbling Waterfowl"
"89","Mallard",397,"waterfowl_dabbling","Waterfowl","Dabbling Waterfowl"
"90","Mallard",400,"waterfowl_dabbling","Waterfowl","Dabbling Waterfowl"
"91","Mallard (Domestic type)",402,"waterfowl_dabbling","Waterfowl","Dabbling Waterfowl"
"92","Muscovy Duck x Mallard (hybrid)",402.1,"waterfowl_dabbling","Waterfowl","Dabbling Waterfowl"
"93","Gadwall x Mallard (hybrid)",402.4,"waterfowl_dabbling","Waterfowl","Dabbling Waterfowl"
"94","American Wigeon x Mallard (hybrid)",402.8,"waterfowl_dabbling","Waterfowl","Dabbling Waterfowl"
"95","American Black Duck x Mallard (hybrid)",402.9,"waterfowl_dabbling","Waterfowl","Dabbling Waterfowl"
"96","American Black Duck/Mallard",403,"waterfowl_dabbling","Waterfowl","Dabbling Waterfowl"
"97","Mottled Duck",409,"waterfowl_dabbling","Waterfowl","Dabbling Waterfowl"
"98","Mallard x Mottled Duck (hybrid)",411.5,"waterfowl_dabbling","Waterfowl","Dabbling Waterfowl"
"99","Blue-winged Teal",423,"waterfowl_dabbling","Waterfowl","Dabbling Waterfowl"
"100","Cinnamon Teal",426,"waterfowl_dabbling","Waterfowl","Dabbling Waterfowl"
"101","Blue-winged x Cinnamon Teal (hybrid)",432,"waterfowl_dabbling","Waterfowl","Dabbling Waterfowl"
"102","Blue-winged/Cinnamon Teal",433,"waterfowl_dabbling","Waterfowl","Dabbling Waterfowl"
"103","Northern Shoveler",439,"waterfowl_dabbling","Waterfowl","Dabbling Waterfowl"
"104","Mallard x Northern Shoveler (hybrid)",439.4,"waterfowl_dabbling","Waterfowl","Dabbling Waterfowl"
"105","Blue-winged Teal x Northern Shoveler (hybrid)",439.6,"waterfowl_dabbling","Waterfowl","Dabbling Waterfowl"
"106","Cinnamon Teal x Northern Shoveler (hybrid)",439.8,"waterfowl_dabbling","Waterfowl","Dabbling Waterfowl"
"107","White-cheeked Pintail",440,"waterfowl_dabbling","Waterfowl","Dabbling Waterfowl"
"108","Northern Pintail",446,"waterfowl_dabbling","Waterfowl","Dabbling Waterfowl"
"109","Gadwall x Northern Pintail (hybrid)",446.3,"waterfowl_dabbling","Waterfowl","Dabbling Waterfowl"
"110","American Wigeon x Northern Pintail (hybrid)",446.6,"waterfowl_dabbling","Waterfowl","Dabbling Waterfowl"
"111","Mallard x Northern Pintail (hybrid)",446.8,"waterfowl_dabbling","Waterfowl","Dabbling Waterfowl"
"112","Garganey",460,"waterfowl_dabbling","Waterfowl","Dabbling Waterfowl"
"113","Baikal Teal",461,"waterfowl_dabbling","Waterfowl","Dabbling Waterfowl"
"114","Green-winged Teal",462,"waterfowl_dabbling","Waterfowl","Dabbling Waterfowl"
"115","Green-winged Teal",463,"waterfowl_dabbling","Waterfowl","Dabbling Waterfowl"
"116","Green-winged Teal",467,"waterfowl_dabbling","Waterfowl","Dabbling Waterfowl"
"117","Green-winged Teal",467.5,"waterfowl_dabbling","Waterfowl","Dabbling Waterfowl"
"118","American Wigeon x Green-winged Teal (hybrid)",467.6,"waterfowl_dabbling","Waterfowl","Dabbling Waterfowl"
"119","Cinnamon x Green-winged Teal (hybrid)",467.93,"waterfowl_dabbling","Waterfowl","Dabbling Waterfowl"
"120","Northern Pintail x Green-winged Teal (hybrid)",467.95,"waterfowl_dabbling","Waterfowl","Dabbling Waterfowl"
"121","teal sp.",486,"waterfowl_dabbling","Waterfowl","Dabbling Waterfowl"
"122","dabbling duck sp.",487,"waterfowl_dabbling","Waterfowl","Dabbling Waterfowl"
"123","Marbled Teal",489,"waterfowl_dabbling","Waterfowl","Dabbling Waterfowl"
"124","Red-crested Pochard",491,"waterfowl_diving","Waterfowl","Diving Waterfowl"
"125","Canvasback",496,"waterfowl_diving","Waterfowl","Diving Waterfowl"
"126","Redhead",497,"waterfowl_diving","Waterfowl","Diving Waterfowl"
"127","Canvasback x Redhead (hybrid)",497.3,"waterfowl_diving","Waterfowl","Diving Waterfowl"
"128","Common Pochard",498,"waterfowl_diving","Waterfowl","Diving Waterfowl"
"129","Ring-necked Duck",499,"waterfowl_diving","Waterfowl","Diving Waterfowl"
"130","Redhead x Ring-necked Duck (hybrid)",500,"waterfowl_diving","Waterfowl","Diving Waterfowl"
"131","Tufted Duck",506,"waterfowl_diving","Waterfowl","Diving Waterfowl"
"132","Ring-necked x Tufted Duck (hybrid)",506.5,"waterfowl_diving","Waterfowl","Diving Waterfowl"
"133","Greater Scaup",508,"waterfowl_diving","Waterfowl","Diving Waterfowl"
"134","Redhead x Greater Scaup (hybrid)",510.3,"waterfowl_diving","Waterfowl","Diving Waterfowl"
"135","Ring-necked Duck x Greater Scaup (hybrid)",510.4,"waterfowl_diving","Waterfowl","Diving Waterfowl"
"136","Tufted Duck x Greater Scaup (hybrid)",510.5,"waterfowl_diving","Waterfowl","Diving Waterfowl"
"137","Lesser Scaup",511,"waterfowl_diving","Waterfowl","Diving Waterfowl"
"138","Redhead x Lesser Scaup (hybrid)",511.2,"waterfowl_diving","Waterfowl","Diving Waterfowl"
"139","Ring-necked Duck x Lesser Scaup (hybrid)",511.3,"waterfowl_diving","Waterfowl","Diving Waterfowl"
"140","Tufted Duck x Lesser Scaup (hybrid)",511.6,"waterfowl_diving","Waterfowl","Diving Waterfowl"
"141","Greater/Lesser Scaup",512,"waterfowl_diving","Waterfowl","Diving Waterfowl"
"142","Redhead x scaup sp. (hybrid)",512.2,"waterfowl_diving","Waterfowl","Diving Waterfowl"
"143","Ring-necked Duck x scaup sp. (hybrid)",512.3,"waterfowl_diving","Waterfowl","Diving Waterfowl"
"144","Tufted Duck x scaup sp. (hybrid)",512.5,"waterfowl_diving","Waterfowl","Diving Waterfowl"
"145","Aythya sp.",513,"waterfowl_diving","Waterfowl","Diving Waterfowl"
"146","Steller's Eider",514,"waterfowl_diving","Waterfowl","Diving Waterfowl"
"147","Spectacled Eider",515,"waterfowl_diving","Waterfowl","Diving Waterfowl"
"148","King Eider",516,"waterfowl_diving","Waterfowl","Diving Waterfowl"
"149","Common Eider",517,"waterfowl_diving","Waterfowl","Diving Waterfowl"
"150","Common Eider",520,"waterfowl_diving","Waterfowl","Diving Waterfowl"
"151","Common Eider",521,"waterfowl_diving","Waterfowl","Diving Waterfowl"
"152","Common Eider",522,"waterfowl_diving","Waterfowl","Diving Waterfowl"
"153","Common Eider",523,"waterfowl_diving","Waterfowl","Diving Waterfowl"
"154","King/Common Eider",524,"waterfowl_diving","Waterfowl","Diving Waterfowl"
"155","King x Common Eider (hybrid)",524.5,"waterfowl_diving","Waterfowl","Diving Waterfowl"
"156","eider sp.",525,"waterfowl_diving","Waterfowl","Diving Waterfowl"
"157","Harlequin Duck",526,"waterfowl_diving","Waterfowl","Diving Waterfowl"
"158","Surf Scoter",530,"waterfowl_diving","Waterfowl","Diving Waterfowl"
"159","White-winged Scoter",531,"waterfowl_diving","Waterfowl","Diving Waterfowl"
"160","White-winged Scoter",534,"waterfowl_diving","Waterfowl","Diving Waterfowl"
"161","Common Scoter",536,"waterfowl_diving","Waterfowl","Diving Waterfowl"
"162","Black Scoter",537,"waterfowl_diving","Waterfowl","Diving Waterfowl"
"163","Common/Black Scoter",537.5,"waterfowl_diving","Waterfowl","Diving Waterfowl"
"164","Surf/Black Scoter",538,"waterfowl_diving","Waterfowl","Diving Waterfowl"
"165","scoter sp.",539,"waterfowl_diving","Waterfowl","Diving Waterfowl"
"166","Long-tailed Duck",540,"waterfowl_diving","Waterfowl","Diving Waterfowl"
"167","Bufflehead",541,"waterfowl_diving","Waterfowl","Diving Waterfowl"
"168","Common Goldeneye",543,"waterfowl_diving","Waterfowl","Diving Waterfowl"
"169","Bufflehead x Common Goldeneye (hybrid)",546,"waterfowl_diving","Waterfowl","Diving Waterfowl"
"170","Barrow's Goldeneye",548,"waterfowl_diving","Waterfowl","Diving Waterfowl"
"171","Common x Barrow's Goldeneye (hybrid)",549,"waterfowl_diving","Waterfowl","Diving Waterfowl"
"172","Common/Barrow's Goldeneye",551,"waterfowl_diving","Waterfowl","Diving Waterfowl"
"173","Smew",552,"waterfowl_diving","Waterfowl","Diving Waterfowl"
"174","Hooded Merganser",553,"waterfowl_diving","Waterfowl","Diving Waterfowl"
"175","Bufflehead x Hooded Merganser (hybrid)",553.4,"waterfowl_diving","Waterfowl","Diving Waterfowl"
"176","Common Goldeneye x Hooded Merganser (hybrid)",553.6,"waterfowl_diving","Waterfowl","Diving Waterfowl"
"177","goldeneye sp. x Hooded Merganser (hybrid)",553.9,"waterfowl_diving","Waterfowl","Diving Waterfowl"
"178","Common Merganser",555,"waterfowl_diving","Waterfowl","Diving Waterfowl"
"179","Common Merganser",556,"waterfowl_diving","Waterfowl","Diving Waterfowl"
"180","Common Merganser",559,"waterfowl_diving","Waterfowl","Diving Waterfowl"
"181","Red-breasted Merganser",561,"waterfowl_diving","Waterfowl","Diving Waterfowl"
"182","Common/Red-breasted Merganser",562,"waterfowl_diving","Waterfowl","Diving Waterfowl"
"183","merganser sp.",564,"waterfowl_diving","Waterfowl","Diving Waterfowl"
"184","Ruddy Duck",567,"waterfowl_diving","Waterfowl","Diving Waterfowl"
"185","Ruddy Duck",568,"waterfowl_diving","Waterfowl","Diving Waterfowl"
"186","duck sp.",578,"","",""
"187","waterfowl sp.",579,"","",""
"188","Helmeted Guineafowl",737,"","",""
"189","Helmeted Guineafowl (Domestic type)",738.9,"","",""
"190","Mountain Quail",768,"","",""
"191","California Quail",786,"","",""
"192","Northern Bobwhite",805,"","",""
"193","Northern Bobwhite",806,"","",""
"194","Indian Peafowl",1008,"","",""
"195","Indian Peafowl (Domestic type)",1011,"","",""
"196","Bronze-tailed Peacock-Pheasant",1042,"","",""
"197","Japanese Quail",1051,"","",""
"198","Rock Partridge",1063,"","",""
"199","Chukar",1066,"","",""
"200","Red-legged Partridge",1069,"","",""
"201","Red Junglefowl (Domestic type)",1200.2,"","",""
"202","Golden Pheasant",1318,"","",""
"203","Lady Amherst's Pheasant",1318.5,"","",""
"204","Ring-necked Pheasant",1323,"","",""
"205","Ring-necked Pheasant",1324,"","",""
"206","Ring-necked Pheasant",1325,"","",""
"207","Silver Pheasant",1339,"","",""
"208","pheasant sp.",1394,"","",""
"209","Gray Partridge",1397,"","",""
"210","Ruffed Grouse",1443,"","",""
"211","Greater Sage-Grouse",1458,"","",""
"212","Spruce Grouse",1461,"","",""
"213","Spruce Grouse",1462,"","",""
"214","Spruce Grouse",1468,"","",""
"215","Ruffed/Spruce Grouse",1468.5,"","",""
"216","Willow Ptarmigan",1469,"","",""
"217","Willow Ptarmigan",1470,"","",""
"218","Willow Ptarmigan",1471,"","",""
"219","Rock Ptarmigan",1490,"","",""
"220","White-tailed Ptarmigan",1522,"","",""
"221","ptarmigan sp.",1528,"","",""
"222","Dusky Grouse",1529,"","",""
"223","Sooty Grouse",1534,"","",""
"224","Dusky/Sooty Grouse",1539,"","",""
"225","Sharp-tailed Grouse",1541,"","",""
"226","Greater Prairie-Chicken",1548,"","",""
"227","Sharp-tailed Grouse x Greater Prairie-Chicken (hybrid)",1551.5,"","",""
"228","grouse sp.",1552.7,"","",""
"229","Wild Turkey",1553,"","",""
"230","Wild Turkey (Domestic type)",1559.5,"","",""
"231","Red-throated Loon",1561,"waterfowl_diving","Waterfowl","Diving Waterfowl"
"232","Arctic Loon",1562,"waterfowl_diving","Waterfowl","Diving Waterfowl"
"233","Pacific Loon",1565,"waterfowl_diving","Waterfowl","Diving Waterfowl"
"234","Arctic/Pacific Loon",1566,"waterfowl_diving","Waterfowl","Diving Waterfowl"
"235","Common Loon",1567,"waterfowl_diving","Waterfowl","Diving Waterfowl"
"236","Yellow-billed Loon",1568,"waterfowl_diving","Waterfowl","Diving Waterfowl"
"237","Common/Yellow-billed Loon",1569,"waterfowl_diving","Waterfowl","Diving Waterfowl"
"238","loon sp.",1570,"waterfowl_diving","Waterfowl","Diving Waterfowl"
"239","Pied-billed Grebe",1601,"waterfowl_diving","Waterfowl","Diving Waterfowl"
"240","Horned Grebe",1611,"waterfowl_diving","Waterfowl","Diving Waterfowl"
"241","Red-necked Grebe",1614,"waterfowl_diving","Waterfowl","Diving Waterfowl"
"242","Eared Grebe",1621,"waterfowl_diving","Waterfowl","Diving Waterfowl"
"243","Horned/Eared Grebe",1625,"waterfowl_diving","Waterfowl","Diving Waterfowl"
"244","Podiceps sp.",1632,"waterfowl_diving","Waterfowl","Diving Waterfowl"
"245","Western Grebe",1633,"waterfowl_diving","Waterfowl","Diving Waterfowl"
"246","Clark's Grebe",1637,"waterfowl_diving","Waterfowl","Diving Waterfowl"
"247","Western x Clark's Grebe (hybrid)",1639.5,"waterfowl_diving","Waterfowl","Diving Waterfowl"
"248","Western/Clark's Grebe",1640,"waterfowl_diving","Waterfowl","Diving Waterfowl"
"249","grebe sp.",1641,"waterfowl_diving","Waterfowl","Diving Waterfowl"
"250","American Flamingo",1642,"shorebirds_waders","",""
"251","Greater Flamingo",1643,"shorebirds_waders","",""
"252","flamingo sp.",1649,"shorebirds_waders","",""
"253","Yellow-nosed Albatross",1682,"seabirds_pelagics","",""
"254","Black-browed Albatross",1692,"seabirds_pelagics","",""
"255","Laysan Albatross",1709,"seabirds_pelagics","",""
"256","Black-footed Albatross",1711,"seabirds_pelagics","",""
"257","Short-tailed Albatross",1712,"seabirds_pelagics","",""
"258","Northern Fulmar",1716,"seabirds_pelagics","Fulmars","Fulmars"
"259","Northern Fulmar",1717,"seabirds_pelagics","Fulmars","Fulmars"
"260","Northern Fulmar",1719,"seabirds_pelagics","Fulmars","Fulmars"
"261","Murphy's Petrel",1739,"seabirds_pelagics","Shearwaters","Shearwaters"
"262","Fea's Petrel",1743,"seabirds_pelagics","Shearwaters","Shearwaters"
"263","Mottled Petrel",1755,"seabirds_pelagics","Shearwaters","Shearwaters"
"264","Bermuda Petrel",1756,"seabirds_pelagics","Shearwaters","Shearwaters"
"265","Black-capped Petrel",1757,"seabirds_pelagics","Shearwaters","Shearwaters"
"266","Black-capped Petrel",1758,"seabirds_pelagics","Shearwaters","Shearwaters"
"267","Hawaiian Petrel",1763,"seabirds_pelagics","Shearwaters","Shearwaters"
"268","Cook's Petrel",1769,"seabirds_pelagics","Shearwaters","Shearwaters"
"269","Pterodroma sp.",1780,"seabirds_pelagics","Shearwaters","Shearwaters"
"270","Cory's Shearwater",1806,"seabirds_pelagics","Shearwaters","Shearwaters"
"271","Cory's Shearwater",1807,"seabirds_pelagics","Shearwaters","Shearwaters"
"272","Cory's Shearwater",1808,"seabirds_pelagics","Shearwaters","Shearwaters"
"273","Pink-footed Shearwater",1810,"seabirds_pelagics","Shearwaters","Shearwaters"
"274","Flesh-footed Shearwater",1811,"seabirds_pelagics","Shearwaters","Shearwaters"
"275","Great Shearwater",1812,"seabirds_pelagics","Shearwaters","Shearwaters"
"276","Cory's/Great Shearwater",1813,"seabirds_pelagics","Shearwaters","Shearwaters"
"277","Buller's Shearwater",1815,"seabirds_pelagics","Shearwaters","Shearwaters"
"278","Sooty Shearwater",1816,"seabirds_pelagics","Shearwaters","Shearwaters"
"279","Short-tailed Shearwater",1817,"seabirds_pelagics","Shearwaters","Shearwaters"
"280","Sooty/Short-tailed Shearwater",1818,"seabirds_pelagics","Shearwaters","Shearwaters"
"281","Manx Shearwater",1821,"seabirds_pelagics","Shearwaters","Shearwaters"
"282","Barolo Shearwater",1838,"seabirds_pelagics","Shearwaters","Shearwaters"
"283","Audubon's Shearwater",1840,"seabirds_pelagics","Shearwaters","Shearwaters"
"284","black-and-white shearwater sp.",1854,"seabirds_pelagics","Shearwaters","Shearwaters"
"285","shearwater sp.",1855,"seabirds_pelagics","Shearwaters","Shearwaters"
"286","Procellariid sp.",1856.75,"seabirds_pelagics","",""
"287","Wilson's Storm-Petrel",1857,"seabirds_pelagics","Storm-Petrels","Storm-Petrels"
"288","Wilson's Storm-Petrel",1857.5,"seabirds_pelagics","Storm-Petrels","Storm-Petrels"
"289","Oceanites sp.",1864,"seabirds_pelagics","Storm-Petrels","Storm-Petrels"
"290","White-faced Storm-Petrel",1867,"seabirds_pelagics","Storm-Petrels","Storm-Petrels"
"291","Fork-tailed Storm-Petrel",1886,"seabirds_pelagics","Storm-Petrels","Storm-Petrels"
"292","Leach's Storm-Petrel",1890,"seabirds_pelagics","Storm-Petrels","Storm-Petrels"
"293","Leach's Storm-Petrel",1891,"seabirds_pelagics","Storm-Petrels","Storm-Petrels"
"294","Band-rumped Storm-Petrel",1898,"seabirds_pelagics","Storm-Petrels","Storm-Petrels"
"295","Oceanodroma sp.",1911,"seabirds_pelagics","Storm-Petrels","Storm-Petrels"
"296","storm-petrel sp. (white-rumped)",1912.6,"seabirds_pelagics","Storm-Petrels","Storm-Petrels"
"297","storm-petrel sp.",1916,"seabirds_pelagics","Storm-Petrels","Storm-Petrels"
"298","White-tailed Tropicbird",1924,"","",""
"299","Red-tailed Tropicbird",1935,"","",""
"300","Wood Stork",1941.56,"shorebirds_waders","",""
"301","Magnificent Frigatebird",1941.76,"seabirds_pelagics","",""
"302","frigatebird sp.",1941.86,"seabirds_pelagics","",""
"303","Brown Booby",1954,"seabirds_pelagics","",""
"304","Brown Booby",1956,"seabirds_pelagics","",""
"305","Northern Gannet",1964,"seabirds_pelagics","Gannets","Gannets"
"306","sulid sp.",1967,"seabirds_pelagics","",""
"307","Brandt's Cormorant",1984,"waterfowl_diving","Waterfowl","Diving Waterfowl"
"308","Red-faced Cormorant",1984.01,"waterfowl_diving","Waterfowl","Diving Waterfowl"
"309","Pelagic Cormorant",1984.02,"waterfowl_diving","Waterfowl","Diving Waterfowl"
"310","Great Cormorant",1984.04,"waterfowl_diving","Waterfowl","Diving Waterfowl"
"311","Great Cormorant",1984.05,"waterfowl_diving","Waterfowl","Diving Waterfowl"
"312","Neotropic Cormorant",1985,"waterfowl_diving","Waterfowl","Diving Waterfowl"
"313","Double-crested Cormorant",1988,"waterfowl_diving","Waterfowl","Diving Waterfowl"
"314","Great/Double-crested Cormorant",1991,"waterfowl_diving","Waterfowl","Diving Waterfowl"
"315","Neotropic/Double-crested Cormorant",1992.4,"waterfowl_diving","Waterfowl","Diving Waterfowl"
"316","cormorant sp.",2055,"waterfowl_diving","Waterfowl","Diving Waterfowl"
"317","Anhinga",2056,"","",""
"318","American White Pelican",2069,"seabirds_pelagics","",""
"319","Brown Pelican",2070,"seabirds_pelagics","",""
"320","Brown Pelican",2072,"seabirds_pelagics","",""
"321","Brown Pelican",2073,"seabirds_pelagics","",""
"322","Great White Pelican",2074.2,"seabirds_pelagics","",""
"323","pelican sp.",2074.9,"seabirds_pelagics","",""
"324","American Bittern",2081,"shorebirds_waders","",""
"325","Least Bittern",2101,"shorebirds_waders","",""
"326","Great Blue Heron",2118,"shorebirds_waders","",""
"327","Great Blue Heron",2119,"shorebirds_waders","",""
"328","Great Blue Heron",2124,"shorebirds_waders","",""
"329","Gray Heron",2126,"shorebirds_waders","",""
"330","Gray Heron",2128,"shorebirds_waders","",""
"331","Great Egret",2144,"shorebirds_waders","",""
"332","Great Egret",2147,"shorebirds_waders","",""
"333","Ardea sp.",2149,"shorebirds_waders","",""
"334","Little Egret",2158,"shorebirds_waders","",""
"335","Little Egret",2160,"shorebirds_waders","",""
"336","Western Reef-Heron",2163,"shorebirds_waders","",""
"337","Western Reef-Heron",2164,"shorebirds_waders","",""
"338","Snowy Egret",2169,"shorebirds_waders","",""
"339","Little Blue Heron",2173,"shorebirds_waders","",""
"340","Tricolored Heron",2174,"shorebirds_waders","",""
"341","Reddish Egret",2177,"shorebirds_waders","",""
"342","Cattle Egret",2183,"shorebirds_waders","",""
"343","Cattle Egret",2184,"shorebirds_waders","",""
"344","white egret sp.",2187,"shorebirds_waders","",""
"345","Green Heron",2196,"shorebirds_waders","",""
"346","Green Heron",2197,"shorebirds_waders","",""
"347","Green Heron",2198,"shorebirds_waders","",""
"348","Black-crowned Night-Heron",2233,"shorebirds_waders","",""
"349","Black-crowned Night-Heron",2235,"shorebirds_waders","",""
"350","Yellow-crowned Night-Heron",2244,"shorebirds_waders","",""
"351","Yellow-crowned Night-Heron",2244.5,"shorebirds_waders","",""
"352","Black-crowned/Yellow-crowned Night-Heron",2251,"shorebirds_waders","",""
"353","heron sp.",2264,"shorebirds_waders","",""
"354","White Ibis",2265,"shorebirds_waders","",""
"355","Glossy Ibis",2268,"shorebirds_waders","",""
"356","White-faced Ibis",2270,"shorebirds_waders","",""
"357","Glossy/White-faced Ibis",2271,"shorebirds_waders","",""
"358","ibis sp.",2315.5,"shorebirds_waders","",""
"359","Roseate Spoonbill",2324,"shorebirds_waders","",""
"360","Black Vulture",2358,"raptors","",""
"361","Turkey Vulture",2362,"raptors","",""
"362","Turkey Vulture",2363,"raptors","",""
"363","Cathartes sp.",2371.5,"raptors","",""
"364","new world vulture sp.",2375,"raptors","",""
"365","Osprey",2376,"raptors","",""
"366","Osprey",2377,"raptors","",""
"367","Osprey",2378,"raptors","",""
"368","White-tailed Kite",2391,"raptors","",""
"369","Scissor-tailed Kite",2395,"raptors","",""
"370","Swallow-tailed Kite",2431,"raptors","",""
"371","Golden Eagle",2588,"raptors","",""
"372","Mississippi Kite",2634,"raptors","",""
"373","Northern Harrier",2655,"raptors","",""
"374","Northern Harrier",2657,"raptors","",""
"375","Sharp-shinned Hawk",2807,"raptors","",""
"376","Sharp-shinned Hawk",2812,"raptors","",""
"377","Cooper's Hawk",2821,"raptors","",""
"378","Sharp-shinned/Cooper's Hawk",2822,"raptors","",""
"379","Northern Goshawk",2827.2,"raptors","",""
"380","Northern Goshawk",2829,"raptors","",""
"381","Cooper's Hawk/Northern Goshawk",2830.5,"raptors","",""
"382","Accipiter sp.",2832,"raptors","",""
"383","Bald Eagle",2881,"raptors","",""
"384","Golden/Bald Eagle",2883.3,"raptors","",""
"385","Harris's Hawk",2934,"raptors","",""
"386","Red-shouldered Hawk",2959,"raptors","",""
"387","Red-shouldered Hawk",2959.2,"raptors","",""
"388","Broad-winged Hawk",2966,"raptors","",""
"389","Broad-winged Hawk",2967,"raptors","",""
"390","Red-shouldered/Broad-winged Hawk",2973.5,"raptors","",""
"391","Swainson's Hawk",2984,"raptors","",""
"392","Zone-tailed Hawk",2986,"raptors","",""
"393","Red-tailed Hawk",2989,"raptors","",""
"394","Red-tailed Hawk",2990,"raptors","",""
"395","Red-tailed Hawk",2992,"raptors","",""
"396","Red-tailed Hawk",2993,"raptors","",""
"397","Red-tailed Hawk",2994,"raptors","",""
"398","Red-tailed Hawk",2995,"raptors","",""
"399","Rough-legged Hawk",3007,"raptors","",""
"400","Ferruginous Hawk",3010,"raptors","",""
"401","Buteo sp.",3038,"raptors","",""
"402","Buteo/eagle sp.",3040,"raptors","",""
"403","hawk sp.",3041,"raptors","",""
"404","eagle sp.",3042,"raptors","",""
"405","Yellow Rail",3257,"shorebirds_waders","",""
"406","Yellow Rail",3258,"shorebirds_waders","",""
"407","Black Rail",3299,"shorebirds_waders","",""
"408","Corn Crake",3367,"shorebirds_waders","",""
"409","King Rail",3394.5,"shorebirds_waders","",""
"410","King Rail",3394.6,"shorebirds_waders","",""
"411","Clapper Rail",3395,"shorebirds_waders","",""
"412","King/Clapper Rail",3399,"shorebirds_waders","",""
"413","Virginia Rail",3401,"shorebirds_waders","",""
"414","Virginia Rail",3401.5,"shorebirds_waders","",""
"415","Rallus sp.",3417,"shorebirds_waders","",""
"416","Sora",3495,"shorebirds_waders","",""
"417","rail/crake sp.",3551,"shorebirds_waders","",""
"418","Purple Gallinule",3554,"waterfowl_dabbling","",""
"419","Common Gallinule",3583.5,"waterfowl_dabbling","",""
"420","Common Gallinule",3584,"waterfowl_dabbling","",""
"421","Eurasian Moorhen/Common Gallinule",3591.5,"waterfowl_dabbling","",""
"422","American Coot",3614.5,"waterfowl_dabbling","",""
"423","American Coot",3615,"waterfowl_dabbling","",""
"424","coot sp.",3623,"waterfowl_dabbling","",""
"425","gallinule/moorhen/coot sp.",3624,"waterfowl_dabbling","",""
"426","Sandhill Crane",3717,"shorebirds_waders","",""
"427","Sandhill Crane",3718,"shorebirds_waders","",""
"428","Sandhill Crane",3718.5,"shorebirds_waders","",""
"429","Common Crane",3730,"shorebirds_waders","",""
"430","Sandhill x Common Crane (hybrid)",3730.5,"shorebirds_waders","",""
"431","Whooping Crane",3732,"shorebirds_waders","",""
"432","Black-winged Stilt",3769,"shorebirds_waders","",""
"433","Black-necked Stilt",3773,"shorebirds_waders","",""
"434","Black-necked Stilt",3774,"shorebirds_waders","",""
"435","American Avocet",3782,"shorebirds_waders","",""
"436","Eurasian Oystercatcher",3785,"shorebirds_waders","",""
"437","American Oystercatcher",3796,"shorebirds_waders","",""
"438","Black Oystercatcher",3803,"shorebirds_waders","",""
"439","Black-bellied Plover",3805.1,"shorebirds_waders","",""
"440","European Golden-Plover",3805.2,"shorebirds_waders","",""
"441","American Golden-Plover",3805.5,"shorebirds_waders","",""
"442","Pacific Golden-Plover",3805.6,"shorebirds_waders","",""
"443","American/Pacific Golden-Plover (Lesser Golden-Plover)",3805.7,"shorebirds_waders","",""
"444","golden-plover sp.",3805.8,"shorebirds_waders","",""
"445","Black-bellied Plover/golden-plover sp.",3805.9,"shorebirds_waders","",""
"446","Northern Lapwing",3807,"shorebirds_waders","",""
"447","Lesser Sand-Plover",3861,"shorebirds_waders","",""
"448","Lesser Sand-Plover",3866,"shorebirds_waders","",""
"449","Snowy Plover",3887,"shorebirds_waders","",""
"450","Snowy Plover",3888,"shorebirds_waders","",""
"451","Wilson's Plover",3892,"shorebirds_waders","",""
"452","Common Ringed Plover",3896,"shorebirds_waders","",""
"453","Semipalmated Plover",3899,"shorebirds_waders","",""
"454","Common Ringed/Semipalmated Plover",3899.2,"shorebirds_waders","",""
"455","Piping Plover",3901,"shorebirds_waders","",""
"456","Killdeer",3921,"shorebirds_waders","",""
"457","Mountain Plover",3924.5,"shorebirds_waders","",""
"458","Eurasian Dotterel",3926,"shorebirds_waders","",""
"459","small plover sp.",3930,"shorebirds_waders","",""
"460","plover sp.",3938,"shorebirds_waders","",""
"461","Northern Jacana",3949,"shorebirds_waders","",""
"462","Upland Sandpiper",3991,"shorebirds_waders","",""
"463","Little Curlew",3992,"shorebirds_waders","",""
"464","Eskimo Curlew",3993,"shorebirds_waders","",""
"465","Whimbrel",3994,"shorebirds_waders","",""
"466","Whimbrel",3995,"shorebirds_waders","",""
"467","Whimbrel",3999,"shorebirds_waders","",""
"468","Bristle-thighed Curlew",4000,"shorebirds_waders","",""
"469","Far Eastern Curlew",4001,"shorebirds_waders","",""
"470","Slender-billed Curlew",4002,"shorebirds_waders","",""
"471","Eurasian Curlew",4003,"shorebirds_waders","",""
"472","Whimbrel/Eurasian Curlew",4005.5,"shorebirds_waders","",""
"473","Long-billed Curlew",4006,"shorebirds_waders","",""
"474","Black-tailed Godwit",4010,"shorebirds_waders","",""
"475","Black-tailed Godwit",4011,"shorebirds_waders","",""
"476","Black-tailed Godwit",4012,"shorebirds_waders","",""
"477","Hudsonian Godwit",4014,"shorebirds_waders","",""
"478","Bar-tailed Godwit",4015,"shorebirds_waders","",""
"479","Bar-tailed Godwit",4016,"shorebirds_waders","",""
"480","Bar-tailed Godwit",4018,"shorebirds_waders","",""
"481","Marbled Godwit",4019,"shorebirds_waders","",""
"482","godwit sp.",4022,"shorebirds_waders","",""
"483","Ruddy Turnstone",4023,"shorebirds_waders","",""
"484","Black Turnstone",4026,"shorebirds_waders","",""
"485","Red Knot",4029,"shorebirds_waders","",""
"486","Surfbird",4035.2,"shorebirds_waders","",""
"487","Ruff",4036,"shorebirds_waders","",""
"488","Broad-billed Sandpiper",4037,"shorebirds_waders","",""
"489","Sharp-tailed Sandpiper",4052,"shorebirds_waders","",""
"490","Stilt Sandpiper",4053,"shorebirds_waders","",""
"491","Curlew Sandpiper",4054,"shorebirds_waders","",""
"492","Temminck's Stint",4055,"shorebirds_waders","",""
"493","Spoon-billed Sandpiper",4057,"shorebirds_waders","",""
"494","Red-necked Stint",4058,"shorebirds_waders","",""
"495","Sanderling",4059,"shorebirds_waders","",""
"496","Dunlin",4060,"shorebirds_waders","",""
"497","Dunlin",4061,"shorebirds_waders","",""
"498","Dunlin",4064,"shorebirds_waders","",""
"499","Dunlin",4065,"shorebirds_waders","",""
"500","Dunlin",4066,"shorebirds_waders","",""
"501","Rock Sandpiper",4071,"shorebirds_waders","",""
"502","Rock Sandpiper",4071.2,"shorebirds_waders","",""
"503","Purple Sandpiper",4072,"shorebirds_waders","",""
"504","Baird's Sandpiper",4073,"shorebirds_waders","",""
"505","Little Stint",4074,"shorebirds_waders","",""
"506","Least Sandpiper",4076,"shorebirds_waders","",""
"507","White-rumped Sandpiper",4077,"shorebirds_waders","",""
"508","Dunlin x White-rumped Sandpiper (hybrid)",4077.1,"shorebirds_waders","",""
"509","Buff-breasted Sandpiper",4078,"shorebirds_waders","",""
"510","White-rumped x Buff-breasted Sandpiper (hybrid)",4078.01,"shorebirds_waders","",""
"511","Pectoral Sandpiper",4078.02,"shorebirds_waders","",""
"512","Sharp-tailed/Pectoral Sandpiper",4078.03,"shorebirds_waders","",""
"513","Semipalmated Sandpiper",4078.05,"shorebirds_waders","",""
"514","Western Sandpiper",4078.06,"shorebirds_waders","",""
"515","Semipalmated/Western Sandpiper",4078.07,"shorebirds_waders","",""
"516","peep sp.",4078.08,"shorebirds_waders","",""
"517","Calidris sp.",4078.09,"shorebirds_waders","",""
"518","Short-billed Dowitcher",4080,"shorebirds_waders","",""
"519","Short-billed Dowitcher",4081,"shorebirds_waders","",""
"520","Short-billed Dowitcher",4082,"shorebirds_waders","",""
"521","Short-billed Dowitcher",4083,"shorebirds_waders","",""
"522","Long-billed Dowitcher",4084,"shorebirds_waders","",""
"523","Short-billed/Long-billed Dowitcher",4085,"shorebirds_waders","",""
"524","Jack Snipe",4096,"shorebirds_waders","",""
"525","Wilson's Snipe",4103,"shorebirds_waders","",""
"526","Common Snipe",4104,"shorebirds_waders","",""
"527","Wilson's/Common Snipe",4107,"shorebirds_waders","",""
"528","snipe sp.",4126,"shorebirds_waders","",""
"529","American Woodcock",4135,"shorebirds_waders","",""
"530","Terek Sandpiper",4135.5,"shorebirds_waders","",""
"531","Wilson's Phalarope",4136,"shorebirds_waders","Phalaropes","Phalaropes"
"532","Red-necked Phalarope",4137,"shorebirds_waders","Phalaropes","Phalaropes"
"533","Red Phalarope",4138,"shorebirds_waders","Phalaropes","Phalaropes"
"534","Red-necked/Red Phalarope",4138.5,"shorebirds_waders","Phalaropes","Phalaropes"
"535","phalarope sp.",4139,"shorebirds_waders","Phalaropes","Phalaropes"
"536","Spotted Sandpiper",4139.02,"shorebirds_waders","",""
"537","Common/Spotted Sandpiper",4139.03,"shorebirds_waders","",""
"538","Solitary Sandpiper",4139.05,"shorebirds_waders","",""
"539","Solitary Sandpiper",4139.06,"shorebirds_waders","",""
"540","Solitary Sandpiper",4139.07,"shorebirds_waders","",""
"541","Wandering Tattler",4139.09,"shorebirds_waders","",""
"542","Spotted Redshank",4139.11,"shorebirds_waders","",""
"543","Greater Yellowlegs",4139.12,"shorebirds_waders","",""
"544","Common Greenshank",4139.13,"shorebirds_waders","",""
"545","Willet",4139.16,"shorebirds_waders","",""
"546","Willet",4139.17,"shorebirds_waders","",""
"547","Willet",4139.18,"shorebirds_waders","",""
"548","Lesser Yellowlegs",4139.19,"shorebirds_waders","",""
"549","Greater/Lesser Yellowlegs",4139.2,"shorebirds_waders","",""
"550","Wood Sandpiper",4139.22,"shorebirds_waders","",""
"551","Common Redshank",4139.23,"shorebirds_waders","",""
"552","Tringa sp.",4139.24,"shorebirds_waders","",""
"553","Scolopacidae sp.",4139.3,"shorebirds_waders","",""
"554","large shorebird sp.",4139.6,"shorebirds_waders","",""
"555","shorebird sp.",4262,"shorebirds_waders","",""
"556","Great Skua",4262.01,"seabirds_larids","Jaegers","Skuas"
"557","South Polar Skua",4262.03,"seabirds_larids","Jaegers","Skuas"
"558","skua sp.",4262.08,"seabirds_larids","Jaegers","Skuas"
"559","Pomarine Jaeger",4262.09,"seabirds_larids","Jaegers","Jaegers"
"560","Parasitic Jaeger",4262.1,"seabirds_larids","Jaegers","Jaegers"
"561","Pomarine/Parasitic Jaeger",4262.11,"seabirds_larids","Jaegers","Jaegers"
"562","Long-tailed Jaeger",4262.12,"seabirds_larids","Jaegers","Jaegers"
"563","Parasitic/Long-tailed Jaeger",4262.16,"seabirds_larids","Jaegers","Jaegers"
"564","jaeger sp.",4262.17,"seabirds_larids","Jaegers","Jaegers"
"565","jaeger/skua sp.",4262.18,"seabirds_larids","Jaegers","Jaegers"
"566","Dovekie",4262.19,"seabirds_alcids","Dovekie","Alcids"
"567","Common Murre",4262.22,"seabirds_alcids","Alcids","Alcids"
"568","Thick-billed Murre",4262.27,"seabirds_alcids","Alcids","Alcids"
"569","Common/Thick-billed Murre",4262.32,"seabirds_alcids","Alcids","Alcids"
"570","Razorbill",4262.33,"seabirds_alcids","Alcids","Alcids"
"571","large alcid sp.",4262.36,"seabirds_alcids","Alcids","Alcids"
"572","Black Guillemot",4262.38,"seabirds_alcids","Alcids","Alcids"
"573","Black Guillemot",4262.395,"seabirds_alcids","Alcids","Alcids"
"574","Pigeon Guillemot",4262.44,"seabirds_alcids","Alcids","Alcids"
"575","Pigeon Guillemot",4262.46,"seabirds_alcids","Alcids","Alcids"
"576","Long-billed Murrelet",4262.53,"seabirds_alcids","Alcids","Alcids"
"577","Marbled Murrelet",4262.54,"seabirds_alcids","Alcids","Alcids"
"578","Kittlitz's Murrelet",4262.55,"seabirds_alcids","Alcids","Alcids"
"579","Scripps's Murrelet",4262.56,"seabirds_alcids","Alcids","Alcids"
"580","Scripps's/Guadalupe Murrelet (Xantus's Murrelet)",4262.58,"seabirds_alcids","Alcids","Alcids"
"581","Ancient Murrelet",4262.61,"seabirds_alcids","Alcids","Alcids"
"582","murrelet sp.",4262.65,"seabirds_alcids","Alcids","Alcids"
"583","Cassin's Auklet",4262.66,"seabirds_alcids","Alcids","Alcids"
"584","Parakeet Auklet",4262.69,"seabirds_alcids","Alcids","Alcids"
"585","Crested Auklet",4262.72,"seabirds_alcids","Alcids","Alcids"
"586","Rhinoceros Auklet",4262.73,"seabirds_alcids","Alcids","Alcids"
"587","auklet sp.",4262.74,"seabirds_alcids","Alcids","Alcids"
"588","Atlantic Puffin",4262.75,"seabirds_alcids","Alcids","Alcids"
"589","Horned Puffin",4262.79,"seabirds_alcids","Alcids","Alcids"
"590","Tufted Puffin",4262.8,"seabirds_alcids","Alcids","Alcids"
"591","alcid sp.",4262.82,"seabirds_alcids","Alcids","Alcids"
"592","Black-legged Kittiwake",4264,"seabirds_larids","Gulls","Gulls"
"593","Black-legged Kittiwake",4265,"seabirds_larids","Gulls","Gulls"
"594","Red-legged Kittiwake",4267,"seabirds_larids","Gulls","Gulls"
"595","Ivory Gull",4268,"seabirds_larids","Gulls","Gulls"
"596","Sabine's Gull",4269,"seabirds_larids","Gulls","Gulls"
"597","Bonaparte's Gull",4276,"seabirds_larids","Gulls","Gulls"
"598","Red-billed Gull",4280,"seabirds_larids","Gulls","Gulls"
"599","Black-headed Gull",4288,"seabirds_larids","Gulls","Gulls"
"600","Little Gull",4291,"seabirds_larids","Gulls","Gulls"
"601","Ross's Gull",4292,"seabirds_larids","Gulls","Gulls"
"602","Laughing Gull",4295,"seabirds_larids","Gulls","Gulls"
"603","Franklin's Gull",4299,"seabirds_larids","Gulls","Gulls"
"604","Laughing/Franklin's Gull",4299.5,"seabirds_larids","Gulls","Gulls"
"605","Black-tailed Gull",4309,"seabirds_larids","Gulls","Gulls"
"606","Heermann's Gull",4313,"seabirds_larids","Gulls","Gulls"
"607","Mew Gull",4314,"seabirds_larids","Gulls","Gulls"
"608","Mew Gull",4315,"seabirds_larids","Gulls","Gulls"
"609","Mew Gull",4316,"seabirds_larids","Gulls","Gulls"
"610","Mew Gull",4317,"seabirds_larids","Gulls","Gulls"
"611","Mew Gull",4318,"seabirds_larids","Gulls","Gulls"
"612","Ring-billed Gull",4319,"seabirds_larids","Gulls","Gulls"
"613","Black-headed x Ring-billed Gull (hybrid)",4319.3,"seabirds_larids","Gulls","Gulls"
"614","Western Gull",4320,"seabirds_larids","Gulls","Gulls"
"615","California Gull",4325,"seabirds_larids","Gulls","Gulls"
"616","California Gull",4326,"seabirds_larids","Gulls","Gulls"
"617","California Gull",4327,"seabirds_larids","Gulls","Gulls"
"618","Herring Gull",4328,"seabirds_larids","Gulls","Gulls"
"619","Herring Gull",4329,"seabirds_larids","Gulls","Gulls"
"620","Herring Gull",4330,"seabirds_larids","Gulls","Gulls"
"621","Herring Gull",4331,"seabirds_larids","Gulls","Gulls"
"622","California x Herring Gull (hybrid)",4331.4,"seabirds_larids","Gulls","Gulls"
"623","Yellow-legged Gull",4341,"seabirds_larids","Gulls","Gulls"
"624","Yellow-legged Gull",4342,"seabirds_larids","Gulls","Gulls"
"625","Thayer's Gull",4349,"seabirds_larids","Gulls","Gulls"
"626","Herring/Thayer's Gull",4350.5,"seabirds_larids","Gulls","Gulls"
"627","Iceland Gull",4351,"seabirds_larids","Gulls","Gulls"
"628","Iceland Gull",4352,"seabirds_larids","Gulls","Gulls"
"629","Iceland Gull",4353,"seabirds_larids","Gulls","Gulls"
"630","Thayer's x Iceland Gull (hybrid)",4353.5,"seabirds_larids","Gulls","Gulls"
"631","Thayer's/Iceland Gull",4354,"seabirds_larids","Gulls","Gulls"
"632","Lesser Black-backed Gull",4355,"seabirds_larids","Gulls","Gulls"
"633","Lesser Black-backed Gull",4356,"seabirds_larids","Gulls","Gulls"
"634","Lesser Black-backed Gull",4358,"seabirds_larids","Gulls","Gulls"
"635","Herring x Lesser Black-backed Gull (hybrid)",4359.7,"seabirds_larids","Gulls","Gulls"
"636","Herring/Lesser Black-backed Gull",4359.8,"seabirds_larids","Gulls","Gulls"
"637","Slaty-backed Gull",4360,"seabirds_larids","Gulls","Gulls"
"638","Glaucous-winged Gull",4363,"seabirds_larids","Gulls","Gulls"
"639","Western x Glaucous-winged Gull (hybrid)",4363.3,"seabirds_larids","Gulls","Gulls"
"640","Herring x Glaucous-winged Gull (hybrid)",4363.6,"seabirds_larids","Gulls","Gulls"
"641","Slaty-backed x Glaucous-winged Gull (hybrid)",4363.8,"seabirds_larids","Gulls","Gulls"
"642","Western/Glaucous-winged Gull",4364,"seabirds_larids","Gulls","Gulls"
"643","Glaucous Gull",4365,"seabirds_larids","Gulls","Gulls"
"644","Herring x Glaucous Gull (hybrid)",4369.3,"seabirds_larids","Gulls","Gulls"
"645","Glaucous-winged x Glaucous Gull (hybrid)",4369.8,"seabirds_larids","Gulls","Gulls"
"646","white-winged gull sp.",4369.9,"seabirds_larids","Gulls","Gulls"
"647","Great Black-backed Gull",4371,"seabirds_larids","Gulls","Gulls"
"648","Herring x Great Black-backed Gull (hybrid)",4371.3,"seabirds_larids","Gulls","Gulls"
"649","Glaucous x Great Black-backed Gull (hybrid)",4371.6,"seabirds_larids","Gulls","Gulls"
"650","Larus sp.",4378,"seabirds_larids","Gulls","Gulls"
"651","gull sp.",4379,"seabirds_larids","Gulls","Gulls"
"652","Sooty Tern",4414,"seabirds_larids","Terns","Terns"
"653","Least Tern",4440,"seabirds_larids","Terns","Terns"
"654","Gull-billed Tern",4456,"seabirds_larids","Terns","Terns"
"655","Caspian Tern",4463,"seabirds_larids","Terns","Terns"
"656","Black Tern",4465,"seabirds_larids","Terns","Terns"
"657","Black Tern",4467,"seabirds_larids","Terns","Terns"
"658","White-winged Tern",4468,"seabirds_larids","Terns","Terns"
"659","Roseate Tern",4479,"seabirds_larids","Terns","Terns"
"660","Common Tern",4492,"seabirds_larids","Terns","Terns"
"661","Common Tern",4493,"seabirds_larids","Terns","Terns"
"662","Arctic Tern",4497,"seabirds_larids","Terns","Terns"
"663","Common/Arctic Tern",4498,"seabirds_larids","Terns","Terns"
"664","Forster's Tern",4508,"seabirds_larids","Terns","Terns"
"665","Common/Forster's Tern",4508.5,"seabirds_larids","Terns","Terns"
"666","Sterna sp.",4514,"seabirds_larids","Terns","Terns"
"667","Royal Tern",4515,"seabirds_larids","Terns","Terns"
"668","Royal Tern",4517,"seabirds_larids","Terns","Terns"
"669","Sandwich Tern",4525,"seabirds_larids","Terns","Terns"
"670","Sandwich Tern",4526,"seabirds_larids","Terns","Terns"
"671","Sandwich Tern",4527,"seabirds_larids","Terns","Terns"
"672","Elegant Tern",4530,"seabirds_larids","Terns","Terns"
"673","large tern sp.",4537,"seabirds_larids","Terns","Terns"
"674","tern sp.",4538,"seabirds_larids","Terns","Terns"
"675","Black Skimmer",4539,"seabirds_larids","Terns","Terns"
"676","Black Skimmer",4540,"seabirds_larids","Terns","Terns"
"677","gull/tern sp.",4544.5,"seabirds_larids","",""
"678","Rock Pigeon",4673,"","",""
"679","Rock Pigeon",4673.5,"","",""
"680","Rock Pigeon",4686.5,"","",""
"681","Columba sp.",4752,"","",""
"682","Band-tailed Pigeon",4778,"","",""
"683","Band-tailed Pigeon",4779,"","",""
"684","Passenger Pigeon",4809.5,"","",""
"685","Oriental Turtle-Dove",4818,"","",""
"686","Eurasian Collared-Dove",4828,"","",""
"687","African Collared-Dove",4831,"","",""
"688","African Collared-Dove (Domestic type or Ringed Turtle-Dove)",4833.5,"","",""
"689","Eurasian/African Collared-Dove",4833.9,"","",""
"690","Ring-necked Dove",4843,"","",""
"691","Streptopelia sp.",4870,"","",""
"692","Inca Dove",4990.015,"","",""
"693","Common Ground-Dove",4990.02,"","",""
"694","Ruddy Ground-Dove",4990.14,"","",""
"695","White-winged Dove",4992,"","",""
"696","Mourning Dove",5015,"","",""
"697","Mourning Dove",5017,"","",""
"698","pigeon/dove sp.",5596,"","",""
"699","Gray Go-away-bird",6585,"","",""
"700","Groove-billed Ani",6600,"","",""
"701","Yellow-billed Cuckoo",6907,"","",""
"702","Black-billed Cuckoo",6911,"","",""
"703","Yellow-billed/Black-billed Cuckoo",6912,"","",""
"704","Coccyzus sp.",6925,"","",""
"705","Common Cuckoo",6942.2,"","",""
"706","cuckoo sp. (Cuculidae sp.)",6952.2,"","",""
"707","Barn Owl",6982,"","",""
"708","Barn Owl",7003,"","",""
"709","Flammulated Owl",7149.5,"","",""
"710","Western Screech-Owl",7150,"","",""
"711","Eastern Screech-Owl",7160,"","",""
"712","Eastern Screech-Owl",7161,"","",""
"713","Great Horned Owl",7254,"","",""
"714","Great Horned Owl",7255,"","",""
"715","Snowy Owl",7314,"raptors","",""
"716","Bubo sp.",7314.2,"","",""
"717","Northern Hawk Owl",7334,"","",""
"718","Northern Hawk Owl",7334.2,"","",""
"719","Northern Pygmy-Owl",7349,"","",""
"720","Northern Pygmy-Owl",7351,"","",""
"721","Northern Pygmy-Owl",7355,"","",""
"722","Burrowing Owl",7429,"","",""
"723","Burrowing Owl",7430,"","",""
"724","Spotted Owl",7521,"","",""
"725","Spotted Owl",7522,"","",""
"726","Barred Owl",7526,"","",""
"727","Barred Owl",7526.5,"","",""
"728","Great Gray Owl",7547,"","",""
"729","Great Gray Owl",7548,"","",""
"730","Long-eared Owl",7555,"","",""
"731","Long-eared Owl",7555.5,"","",""
"732","Long-eared Owl",7557.5,"","",""
"733","Short-eared Owl",7571,"raptors","",""
"734","Short-eared Owl",7572,"raptors","",""
"735","Long-eared/Short-eared Owl",7583.5,"","",""
"736","Asio sp.",7587.5,"","",""
"737","Boreal Owl",7595,"","",""
"738","Boreal Owl",7595.5,"","",""
"739","Boreal Owl",7601,"","",""
"740","Northern Saw-whet Owl",7602,"","",""
"741","owl sp.",7695,"","",""
"742","Lesser Nighthawk",7767,"","",""
"743","Common Nighthawk",7775,"","",""
"744","nighthawk sp.",7787,"","",""
"745","Common Poorwill",7862,"","",""
"746","Chuck-will's-widow",7867.5,"","",""
"747","Eastern Whip-poor-will",7912,"","",""
"748","Eastern/Mexican Whip-poor-will",7919,"","",""
"749","nightjar sp.",8024,"","",""
"750","Black Swift",8043,"","",""
"751","Black Swift",8044,"","",""
"752","White-collared Swift",8060,"","",""
"753","Chimney Swift",8096,"","",""
"754","Vaux's Swift",8097,"","",""
"755","Vaux's Swift",8098,"","",""
"756","Chimney/Vaux's Swift",8105,"","",""
"757","Chaetura sp.",8132,"","",""
"758","Pacific Swift",8321,"","",""
"759","White-throated Swift",8345,"","",""
"760","large swift sp.",8382,"","",""
"761","swift sp.",8384,"","",""
"762","Mexican Violetear",8504,"","",""
"763","Amethyst-throated Hummingbird",8834,"","",""
"764","Ruby-throated Hummingbird",8896,"","",""
"765","Black-chinned Hummingbird",8898,"","",""
"766","Ruby-throated/Black-chinned Hummingbird",8900,"","",""
"767","Anna's Hummingbird",8906,"","",""
"768","Costa's Hummingbird",8914,"","",""
"769","Broad-tailed Hummingbird",8922,"","",""
"770","Rufous Hummingbird",8924,"","",""
"771","Anna's x Rufous Hummingbird (hybrid)",8924.5,"","",""
"772","Rufous/Allen's Hummingbird",8932,"","",""
"773","Calliope Hummingbird",8946,"","",""
"774","Selasphorus sp.",8948,"","",""
"775","Broad-billed Hummingbird",8992,"","",""
"776","Xantus's Hummingbird",9240,"","",""
"777","hummingbird sp.",9298,"","",""
"778","Belted Kingfisher",9932,"","",""
"779","Lewis's Woodpecker",10870,"","",""
"780","Red-headed Woodpecker",10873,"","",""
"781","Acorn Woodpecker",10874,"","",""
"782","Acorn Woodpecker",10875,"","",""
"783","Red-bellied Woodpecker",10925,"","",""
"784","Melanerpes sp.",10932,"","",""
"785","Williamson's Sapsucker",10933,"","",""
"786","Yellow-bellied Sapsucker",10936,"","",""
"787","Red-naped Sapsucker",10938,"","",""
"788","Yellow-bellied x Red-naped Sapsucker (hybrid)",10938.5,"","",""
"789","Yellow-bellied/Red-naped Sapsucker",10939,"","",""
"790","Red-breasted Sapsucker",10941,"","",""
"791","Red-naped x Red-breasted Sapsucker (hybrid)",10943.5,"","",""
"792","Red-naped/Red-breasted Sapsucker",10943.7,"","",""
"793","sapsucker sp.",10944,"","",""
"794","Downy Woodpecker",11148,"","",""
"795","Downy Woodpecker",11149,"","",""
"796","Downy Woodpecker",11152,"","",""
"797","Downy Woodpecker",11155,"","",""
"798","Hairy Woodpecker",11164,"","",""
"799","Hairy Woodpecker",11165,"","",""
"800","Hairy Woodpecker",11170,"","",""
"801","Hairy Woodpecker",11174,"","",""
"802","Downy/Hairy Woodpecker",11179,"","",""
"803","White-headed Woodpecker",11185,"","",""
"804","American Three-toed Woodpecker",11194,"","",""
"805","American Three-toed Woodpecker",11195,"","",""
"806","American Three-toed Woodpecker",11196,"","",""
"807","American Three-toed Woodpecker",11197,"","",""
"808","Black-backed Woodpecker",11198,"","",""
"809","American Three-toed/Black-backed Woodpecker",11199,"","",""
"810","Picoides sp.",11200,"","",""
"811","Northern Flicker",11308,"","",""
"812","Northern Flicker",11311,"","",""
"813","Northern Flicker",11315,"","",""
"814","Northern Flicker",11319.5,"","",""
"815","Pileated Woodpecker",11396,"","",""
"816","woodpecker sp.",11579.6,"","",""
"817","Crested Caracara",11581.24,"","",""
"818","Eurasian Kestrel",11581.56,"","",""
"819","Eurasian Kestrel",11581.57,"","",""
"820","American Kestrel",11581.83,"","",""
"821","American Kestrel",11581.84,"","",""
"822","Merlin",11582.15,"raptors","",""
"823","Merlin",11582.23,"raptors","",""
"824","Merlin",11582.24,"raptors","",""
"825","Merlin",11582.25,"raptors","",""
"826","Gyrfalcon",11582.6,"raptors","",""
"827","Peregrine Falcon",11582.61,"raptors","",""
"828","Peregrine Falcon",11582.62,"raptors","",""
"829","Peregrine Falcon",11582.63,"raptors","",""
"830","Peregrine Falcon",11582.66,"raptors","",""
"831","Prairie Falcon",11582.83,"","",""
"832","large falcon sp.",11582.86,"","",""
"833","small falcon sp.",11582.87,"","",""
"834","falcon sp.",11582.88,"","",""
"835","diurnal raptor sp.",11582.89,"","",""
"836","Sulphur-crested Cockatoo",11583.44,"","",""
"837","Cockatiel",11583.52,"","",""
"838","Cockatiel (Domestic type)",11583.525,"","",""
"839","Rose-ringed Parakeet",11587.47,"","",""
"840","Red-rumped Parrot",11587.77561,"","",""
"841","Budgerigar",11587.77581,"","",""
"842","Budgerigar (Domestic type)",11587.77581,"","",""
"843","Rosy-faced Lovebird",11588.16,"","",""
"844","Fischer's Lovebird",11588.19,"","",""
"845","Gray Parrot",11588.33,"","",""
"846","Monk Parakeet",11588.88,"","",""
"847","Green-cheeked Parakeet",11590.81,"","",""
"848","Hyacinth Macaw",11591.45,"","",""
"849","Blue-and-yellow Macaw",11591.94,"","",""
"850","Mitred Parakeet",11592.4,"","",""
"851","parakeet sp.",11592.55,"","",""
"852","Olive-sided Flycatcher",14516,"","",""
"853","Western Wood-Pewee",14529,"","",""
"854","Eastern Wood-Pewee",14534,"","",""
"855","Western/Eastern Wood-Pewee",14535,"","",""
"856","pewee sp.",14564,"","",""
"857","Yellow-bellied Flycatcher",14573,"","",""
"858","Acadian Flycatcher",14574,"","",""
"859","Alder Flycatcher",14575,"","",""
"860","Willow Flycatcher",14576,"","",""
"861","Willow Flycatcher",14577,"","",""
"862","Willow Flycatcher",14579,"","",""
"863","Alder/Willow Flycatcher (Traill's Flycatcher)",14583,"","",""
"864","Least Flycatcher",14588,"","",""
"865","Hammond's Flycatcher",14589,"","",""
"866","Gray Flycatcher",14590,"","",""
"867","Dusky Flycatcher",14591,"","",""
"868","Hammond's/Dusky Flycatcher",14593,"","",""
"869","Pacific-slope Flycatcher",14600,"","",""
"870","Cordilleran Flycatcher",14604,"","",""
"871","Pacific-slope/Cordilleran Flycatcher (Western Flycatcher)",14607,"","",""
"872","Empidonax sp.",14620,"","",""
"873","Black Phoebe",14621,"","",""
"874","Eastern Phoebe",14632,"","",""
"875","Say's Phoebe",14633,"","",""
"876","Vermilion Flycatcher",14637,"","",""
"877","Vermilion Flycatcher",14649,"","",""
"878","Dusky-capped Flycatcher",14887,"","",""
"879","Ash-throated Flycatcher",14921,"","",""
"880","Great Crested Flycatcher",14928,"","",""
"881","Myiarchus sp.",14953,"","",""
"882","Sulphur-bellied Flycatcher",15024,"","",""
"883","Variegated Flycatcher",15029,"","",""
"884","Tropical Kingbird",15038,"","",""
"885","Tropical/Couch's Kingbird",15043,"","",""
"886","Cassin's Kingbird",15045,"","",""
"887","Thick-billed Kingbird",15048,"","",""
"888","Western Kingbird",15051,"","",""
"889","Cassin's/Western Kingbird",15052,"","",""
"890","Eastern Kingbird",15055,"","",""
"891","Western x Eastern Kingbird (hybrid)",15055.5,"","",""
"892","Gray Kingbird",15056,"","",""
"893","Scissor-tailed Flycatcher",15068,"","",""
"894","Fork-tailed Flycatcher",15069,"","",""
"895","flycatcher sp. (Tyrannidae sp.)",15074,"","",""
"896","Yellow Chat",15783,"","",""
"897","Brown Shrike",17640,"","",""
"898","Loggerhead Shrike",17672,"","",""
"899","Northern Shrike",17684,"","",""
"900","Northern Shrike",17691.5,"","",""
"901","Loggerhead/Northern Shrike",17694,"","",""
"902","shrike sp.",17735,"","",""
"903","Black-capped Vireo",17749.993,"","",""
"904","White-eyed Vireo",17750,"","",""
"905","White-eyed Vireo",17751,"","",""
"906","Bell's Vireo",17778,"","",""
"907","Bell's Vireo",17779,"","",""
"908","Hutton's Vireo",17786.5,"","",""
"909","Hutton's Vireo",17787,"","",""
"910","Yellow-throated Vireo",17788,"","",""
"911","Cassin's Vireo",17797,"","",""
"912","Cassin's Vireo",17798,"","",""
"913","Blue-headed Vireo",17801,"","",""
"914","Cassin's/Blue-headed Vireo",17804,"","",""
"915","Plumbeous Vireo",17804.2,"","",""
"916","solitary vireo sp.",17805,"","",""
"917","Philadelphia Vireo",17827.8,"","",""
"918","Warbling Vireo",17828,"","",""
"919","Warbling Vireo",17829,"","",""
"920","Warbling Vireo",17830,"","",""
"921","Philadelphia/Warbling Vireo",17833,"","",""
"922","Red-eyed Vireo",17850,"","",""
"923","Red-eyed Vireo",17851,"","",""
"924","Philadelphia/Red-eyed Vireo",17862.5,"","",""
"925","Yellow-green Vireo",17864,"","",""
"926","vireo sp.",17878,"","",""
"927","Gray Jay",18722,"","",""
"928","Gray Jay",18723,"","",""
"929","Gray Jay",18728,"","",""
"930","Gray Jay",18731,"","",""
"931","Steller's Jay",18816,"","",""
"932","Steller's Jay",18820,"","",""
"933","Steller's Jay",18824,"","",""
"934","Blue Jay",18831,"","",""
"935","California Scrub-Jay",18840,"","",""
"936","jay sp.",18919.5,"","",""
"937","Black-billed Magpie",19000,"","",""
"938","Clark's Nutcracker",19007,"","",""
"939","Eurasian Jackdaw",19032,"","",""
"940","American Crow",19073,"passerines","",""
"941","Northwestern Crow",19078,"passerines","",""
"942","American/Northwestern Crow",19079,"passerines","",""
"943","Fish Crow",19087,"passerines","",""
"944","Chihuahuan Raven",19089,"passerines","",""
"945","Carrion Crow",19090,"passerines","",""
"946","crow sp.",19119,"passerines","",""
"947","Common Raven",19134,"passerines","",""
"948","raven sp.",19143,"passerines","",""
"949","crow/raven sp.",19143.5,"passerines","",""
"950","Horned Lark",19870,"passerines","",""
"951","Horned Lark",19886,"passerines","",""
"952","Horned Lark",19891,"passerines","",""
"953","Eurasian Skylark",19916.868,"passerines","",""
"954","Eurasian Skylark",19916.87,"passerines","",""
"955","Black-capped Swallow",19934,"","",""
"956","Northern Rough-winged Swallow",19940,"","",""
"957","Northern Rough-winged Swallow",19941,"","",""
"958","Purple Martin",19953,"","",""
"959","Purple Martin",19954,"","",""
"960","Tree Swallow",19972,"passerines","",""
"961","Violet-green Swallow",19981,"","",""
"962","Tree/Violet-green Swallow",19983.7,"","",""
"963","Tachycineta sp.",19984.5,"","",""
"964","Bank Swallow",19996,"","",""
"965","Barn Swallow",20037,"","",""
"966","Barn Swallow",20039,"","",""
"967","Barn Swallow",20043,"","",""
"968","Barn Swallow",20045,"","",""
"969","Cliff Swallow",20122,"","",""
"970","Cliff Swallow",20123,"","",""
"971","Cave Swallow",20128,"","",""
"972","Cave Swallow",20129,"","",""
"973","Cave Swallow",20134,"","",""
"974","Cliff/Cave Swallow",20136,"","",""
"975","swallow sp.",20176,"","",""
"976","Carolina Chickadee",20240,"","",""
"977","Black-capped Chickadee",20246,"","",""
"978","Carolina x Black-capped Chickadee (hybrid)",20256,"","",""
"979","Carolina/Black-capped Chickadee",20256.5,"","",""
"980","Mountain Chickadee",20258,"","",""
"981","Mountain Chickadee",20259,"","",""
"982","Mountain Chickadee",20263,"","",""
"983","Black-capped x Mountain Chickadee (hybrid)",20267,"","",""
"984","Chestnut-backed Chickadee",20275,"","",""
"985","Boreal Chickadee",20279,"","",""
"986","Gray-headed Chickadee",20285,"","",""
"987","chickadee sp.",20290,"","",""
"988","Eurasian Blue Tit",20429,"","",""
"989","Tufted Titmouse",20484,"","",""
"990","Tufted/Black-crested Titmouse",20490,"","",""
"991","Great Tit",20500.004,"","",""
"992","Bushtit",20708,"","",""
"993","Bushtit",20709,"","",""
"994","Red-breasted Nuthatch",20757,"","",""
"995","White-breasted Nuthatch",20761,"","",""
"996","White-breasted Nuthatch",20762,"","",""
"997","White-breasted Nuthatch",20763,"","",""
"998","White-breasted Nuthatch",20768,"","",""
"999","Pygmy Nuthatch",20773,"","",""
"1000","nuthatch sp.",20827,"","",""
"1001","Brown Creeper",20846,"","",""
"1002","Brown Creeper",20847,"","",""
"1003","Brown Creeper",20855,"","",""
"1004","Rock Wren",20884.1,"","",""
"1005","Rock Wren",20884.2,"","",""
"1006","Canyon Wren",20904,"","",""
"1007","House Wren",21138,"","",""
"1008","House Wren",21139,"","",""
"1009","Pacific Wren",21229,"","",""
"1010","Pacific Wren",21239,"","",""
"1011","Winter Wren",21245,"","",""
"1012","Pacific/Winter Wren",21247.1,"","",""
"1013","Sedge Wren",21248,"passerines","",""
"1014","Sedge Wren",21249,"passerines","",""
"1015","Marsh Wren",21276,"passerines","",""
"1016","Marsh Wren",21277,"passerines","",""
"1017","Marsh Wren",21282,"passerines","",""
"1018","Marsh Wren",21286,"passerines","",""
"1019","Carolina Wren",21319,"","",""
"1020","Carolina Wren",21320,"","",""
"1021","Bewick's Wren",21330,"","",""
"1022","Bewick's Wren",21330.2,"","",""
"1023","Bewick's Wren",21331,"","",""
"1024","wren sp.",21374.73,"","",""
"1025","Blue-gray Gnatcatcher",21403,"","",""
"1026","Blue-gray Gnatcatcher",21404,"","",""
"1027","American Dipper",21475,"","",""
"1028","American Dipper",21476,"","",""
"1029","Golden-crowned Kinglet",21932,"","",""
"1030","Ruby-crowned Kinglet",21939,"","",""
"1031","kinglet sp.",21963,"","",""
"1032","Wood Warbler",22015,"","",""
"1033","Bluethroat",23403.0592,"","",""
"1034","Siberian Rubythroat",23403.0645,"","",""
"1035","Red-flanked Bluetail",23403.0662,"","",""
"1036","Northern Wheatear",23403.097,"","",""
"1037","Northern Wheatear",23403.0971,"","",""
"1038","Eastern Bluebird",24482,"","",""
"1039","Eastern Bluebird",24483,"","",""
"1040","Western Bluebird",24491,"","",""
"1041","Mountain Bluebird",24499,"","",""
"1042","Eastern x Mountain Bluebird (hybrid)",24499.3,"","",""
"1043","bluebird sp.",24500,"","",""
"1044","Townsend's Solitaire",24501,"","",""
"1045","Veery",24592,"","",""
"1046","Gray-cheeked Thrush",24597,"","",""
"1047","Bicknell's Thrush",24600,"","",""
"1048","Gray-cheeked/Bicknell's Thrush",24601,"","",""
"1049","Swainson's Thrush",24602,"","",""
"1050","Swainson's Thrush",24603,"","",""
"1051","Swainson's Thrush",24607,"","",""
"1052","Hermit Thrush",24608,"","",""
"1053","Hermit Thrush",24609,"","",""
"1054","Hermit Thrush",24614,"","",""
"1055","Hermit Thrush",24618,"","",""
"1056","Catharus sp.",24621,"","",""
"1057","Wood Thrush",24622,"","",""
"1058","Eurasian Blackbird",24687,"","",""
"1059","Dusky Thrush",24770,"","",""
"1060","Fieldfare",24773,"","",""
"1061","Redwing",24774,"","",""
"1062","Redwing",24776,"","",""
"1063","American Robin",24903,"passerines","",""
"1064","American Robin",24904,"passerines","",""
"1065","American Robin",24905,"passerines","",""
"1066","Turdus sp.",24932,"","",""
"1067","Varied Thrush",24933,"","",""
"1068","American Robin/Varied Thrush",24936.5,"","",""
"1069","thrush sp.",24993,"","",""
"1070","Gray Catbird",26358,"","",""
"1071","Curve-billed Thrasher",26380,"","",""
"1072","Brown Thrasher",26393,"","",""
"1073","Sage Thrasher",26423,"","",""
"1074","Northern Mockingbird",26464,"","",""
"1075","Common Hill Myna",26568,"","",""
"1076","European Starling",26621,"","",""
"1077","White-cheeked Starling",26647,"","",""
"1078","Common Myna",26648,"","",""
"1079","Crested Myna",26667.5,"","",""
"1080","Siberian Accentor",27451,"","",""
"1081","Western Yellow Wagtail",27480,"","",""
"1082","Eastern Yellow Wagtail",27495,"","",""
"1083","Citrine Wagtail",27501,"","",""
"1084","White Wagtail",27518,"","",""
"1085","White Wagtail",27522,"","",""
"1086","Red-throated Pipit",27660,"","",""
"1087","American Pipit",27669,"passerines","",""
"1088","American Pipit",27671,"passerines","",""
"1089","Sprague's Pipit",27675,"","",""
"1090","pipit sp.",27712,"","",""
"1091","Bohemian Waxwing",27734,"","",""
"1092","Cedar Waxwing",27738,"","",""
"1093","Bohemian/Cedar Waxwing",27739,"","",""
"1094","Phainopepla",27755,"","",""
"1095","Lapland Longspur",27763.5,"passerines","",""
"1096","Chestnut-collared Longspur",27764,"","",""
"1097","Smith's Longspur",27765,"","",""
"1098","McCown's Longspur",27766,"","",""
"1099","longspur sp.",27766.3,"","",""
"1100","Snow Bunting",27766.4,"passerines","",""
"1101","McKay's Bunting",27768,"","",""
"1102","Snow x McKay's Bunting (hybrid)",27768.5,"","",""
"1103","Snow/McKay's Bunting",27768.7,"","",""
"1104","Ovenbird",27769,"","",""
"1105","Worm-eating Warbler",27772,"","",""
"1106","Louisiana Waterthrush",27773,"","",""
"1107","Northern Waterthrush",27774,"","",""
"1108","Louisiana/Northern Waterthrush",27775,"","",""
"1109","Golden-winged Warbler",27776.5,"","",""
"1110","Blue-winged Warbler",27777,"","",""
"1111","Golden-winged x Blue-winged Warbler (hybrid)",27781.1,"","",""
"1112","Brewster's Warbler (hybrid)",27781.2,"","",""
"1113","Lawrence's Warbler (hybrid)",27781.4,"","",""
"1114","Golden-winged/Blue-winged Warbler",27781.5,"","",""
"1115","Black-and-white Warbler",27782,"","",""
"1116","Prothonotary Warbler",27783,"","",""
"1117","Swainson's Warbler",27784,"","",""
"1118","Tennessee Warbler",27792,"","",""
"1119","Orange-crowned Warbler",27793,"","",""
"1120","Orange-crowned Warbler",27793.5,"","",""
"1121","Orange-crowned Warbler",27794,"","",""
"1122","Orange-crowned Warbler",27795,"","",""
"1123","Orange-crowned Warbler",27796,"","",""
"1124","Lucy's Warbler",27800,"","",""
"1125","Nashville Warbler",27801,"","",""
"1126","Nashville Warbler",27802,"","",""
"1127","Nashville Warbler",27803,"","",""
"1128","Virginia's Warbler",27804,"","",""
"1129","Oreothlypis sp.",27805,"","",""
"1130","Connecticut Warbler",27807,"","",""
"1131","MacGillivray's Warbler",27822,"","",""
"1132","Mourning Warbler",27824,"","",""
"1133","MacGillivray's/Mourning Warbler",27824.4,"","",""
"1134","Kentucky Warbler",27825,"","",""
"1135","Common Yellowthroat",27838,"","",""
"1136","Common Yellowthroat",27838.5,"","",""
"1137","Common Yellowthroat",27842,"","",""
"1138","Common Yellowthroat",27848,"","",""
"1139","Mourning Warbler x Common Yellowthroat (hybrid)",27851.4,"","",""
"1140","Hooded Warbler",27860,"","",""
"1141","American Redstart",27861,"","",""
"1142","Kirtland's Warbler",27862,"","",""
"1143","Cape May Warbler",27863,"","",""
"1144","Cerulean Warbler",27864,"","",""
"1145","Northern Parula",27865,"","",""
"1146","Magnolia Warbler",27882,"","",""
"1147","Nashville x Magnolia Warbler (hybrid)",27882.2,"","",""
"1148","Bay-breasted Warbler",27883,"","",""
"1149","Blackburnian Warbler",27884,"","",""
"1150","Yellow Warbler",27885,"","",""
"1151","Yellow Warbler",27886,"","",""
"1152","Chestnut-sided Warbler",27923,"","",""
"1153","Magnolia x Chestnut-sided Warbler (hybrid)",27923.5,"","",""
"1154","Blackpoll Warbler",27924,"","",""
"1155","Bay-breasted/Blackpoll Warbler",27925,"","",""
"1156","Black-throated Blue Warbler",27926,"","",""
"1157","Palm Warbler",27929,"","",""
"1158","Palm Warbler",27930,"","",""
"1159","Palm Warbler",27931,"","",""
"1160","Pine Warbler",27933,"","",""
"1161","Yellow-rumped Warbler",27938,"","",""
"1162","Yellow-rumped Warbler",27939,"","",""
"1163","Yellow-rumped Warbler",27941,"","",""
"1164","Yellow-rumped Warbler",27941.5,"","",""
"1165","Magnolia x Yellow-rumped Warbler (hybrid)",27943.3,"","",""
"1166","Palm x Yellow-rumped Warbler (hybrid)",27943.5,"","",""
"1167","Yellow-throated Warbler",27946,"","",""
"1168","Yellow-throated Warbler",27947,"","",""
"1169","Yellow-throated Warbler",27948,"","",""
"1170","Prairie Warbler",27956,"","",""
"1171","Grace's Warbler",27962,"","",""
"1172","Black-throated Gray Warbler",27968,"","",""
"1173","Townsend's Warbler",27971,"","",""
"1174","Hermit Warbler",27973,"","",""
"1175","Townsend's x Hermit Warbler (hybrid)",27973.5,"","",""
"1176","Townsend's/Hermit Warbler",27975,"","",""
"1177","Black-throated Green Warbler",27977,"","",""
"1178","Townsend's x Black-throated Green Warbler (hybrid)",27977.5,"","",""
"1179","Setophaga sp.",27978,"","",""
"1180","Canada Warbler",28090,"","",""
"1181","Wilson's Warbler",28091,"","",""
"1182","Wilson's Warbler",28092,"","",""
"1183","Wilson's Warbler",28093,"","",""
"1184","Wilson's Warbler",28094,"","",""
"1185","Painted Redstart",28101,"","",""
"1186","Yellow-breasted Chat",28138,"","",""
"1187","Yellow-breasted Chat",28139,"","",""
"1188","Yellow-breasted Chat",28140,"","",""
"1189","warbler sp. (Parulidae sp.)",28149,"","",""
"1190","Red-crested Cardinal",28193.1,"","",""
"1191","Cassin's Sparrow",29493,"","",""
"1192","Bachman's Sparrow",29498,"","",""
"1193","Grasshopper Sparrow",29499,"","",""
"1194","Grasshopper Sparrow",29500,"","",""
"1195","Grasshopper Sparrow",29501,"","",""
"1196","Baird's Sparrow",29505,"","",""
"1197","Henslow's Sparrow",29506,"","",""
"1198","Le Conte's Sparrow",29507,"passerines","",""
"1199","Nelson's Sparrow",29508,"passerines","",""
"1200","Nelson's Sparrow",29509,"passerines","",""
"1201","Nelson's Sparrow",29510,"passerines","",""
"1202","Saltmarsh Sparrow",29511,"passerines","",""
"1203","Nelson's/Saltmarsh Sparrow (Sharp-tailed Sparrow)",29513,"passerines","",""
"1204","Seaside Sparrow",29514,"passerines","",""
"1205","Ammodramus sp.",29519,"passerines","",""
"1206","American Tree Sparrow",29553,"","",""
"1207","Chipping Sparrow",29554,"","",""
"1208","Clay-colored Sparrow",29719,"","",""
"1209","Chipping x Clay-colored Sparrow (hybrid)",29720,"","",""
"1210","Field Sparrow",29726,"","",""
"1211","Brewer's Sparrow",29728,"","",""
"1212","Brewer's Sparrow",29729,"","",""
"1213","Brewer's Sparrow",29730,"","",""
"1214","Spizella sp.",29735,"","",""
"1215","American Tree Sparrow/Spizella sp.",29735.2,"","",""
"1216","Black-throated Sparrow",29743,"","",""
"1217","Lark Sparrow",29745,"","",""
"1218","Lark Bunting",29761,"","",""
"1219","Fox Sparrow",29840,"","",""
"1220","Fox Sparrow",29841,"","",""
"1221","Fox Sparrow",29855,"","",""
"1222","Fox Sparrow",29861,"","",""
"1223","Dark-eyed Junco",29958,"","",""
"1224","Dark-eyed Junco",29958.5,"","",""
"1225","Dark-eyed Junco",29959,"","",""
"1226","Dark-eyed Junco",29962,"","",""
"1227","Dark-eyed Junco",29963,"","",""
"1228","Dark-eyed Junco",29972,"","",""
"1229","Dark-eyed Junco",29975,"","",""
"1230","Dark-eyed Junco",29976,"","",""
"1231","Dark-eyed/Yellow-eyed Junco",29984.02,"","",""
"1232","White-crowned Sparrow",29984.05,"","",""
"1233","White-crowned Sparrow",29984.06,"","",""
"1234","White-crowned Sparrow",29984.07,"","",""
"1235","White-crowned Sparrow",29984.08,"","",""
"1236","White-crowned Sparrow",29984.09,"","",""
"1237","White-crowned Sparrow",29984.12,"","",""
"1238","Golden-crowned Sparrow",29984.13,"","",""
"1239","White-crowned x Golden-crowned Sparrow (hybrid)",29984.14,"","",""
"1240","Harris's Sparrow",29984.15,"","",""
"1241","White-throated Sparrow",29984.17,"","",""
"1242","White-crowned/White-throated Sparrow",29984.19,"","",""
"1243","Golden-crowned x White-throated Sparrow (hybrid)",29984.2,"","",""
"1244","Zonotrichia sp.",29984.21,"","",""
"1245","Dark-eyed Junco x White-throated Sparrow (hybrid)",29984.22,"","",""
"1246","Sagebrush Sparrow",29984.23,"","",""
"1247","Vesper Sparrow",29984.31,"","",""
"1248","Savannah Sparrow",29984.32,"passerines","",""
"1249","Savannah Sparrow",29984.33,"passerines","",""
"1250","Savannah Sparrow",29984.34,"passerines","",""
"1251","Song Sparrow",29984.39,"","",""
"1252","Song Sparrow",29984.4,"","",""
"1253","Song Sparrow",29984.41,"","",""
"1254","Song Sparrow",29984.42,"","",""
"1255","Lincoln's Sparrow",29984.49,"","",""
"1256","Swamp Sparrow",29984.5,"passerines","",""
"1257","Lincoln's/Swamp Sparrow",29984.52,"","",""
"1258","Green-tailed Towhee",29984.68,"","",""
"1259","Spotted Towhee",29984.69,"","",""
"1260","Spotted Towhee",29984.7,"","",""
"1261","Spotted Towhee",29984.71,"","",""
"1262","Spotted Towhee",29984.72,"","",""
"1263","Eastern Towhee",29984.76,"","",""
"1264","Eastern Towhee",29984.77,"","",""
"1265","Spotted x Eastern Towhee (hybrid)",29984.79,"","",""
"1266","Spotted/Eastern Towhee (Rufous-sided Towhee)",29984.8,"","",""
"1267","towhee sp.",29984.83,"","",""
"1268","sparrow sp.",29986,"","",""
"1269","Rustic Bunting",30075,"","",""
"1270","Hepatic Tanager",30141,"","",""
"1271","Summer Tanager",30160,"","",""
"1272","Scarlet Tanager",30163,"","",""
"1273","Western Tanager",30164,"","",""
"1274","tanager sp. (Piranga sp.)",30180,"","",""
"1275","Northern Cardinal",30233,"","",""
"1276","Northern Cardinal",30234,"","",""
"1277","Pyrrhuloxia",30253,"","",""
"1278","Black-backed Grosbeak",30266,"","",""
"1279","Rose-breasted Grosbeak",30273,"","",""
"1280","Black-headed Grosbeak",30275,"","",""
"1281","Rose-breasted x Black-headed Grosbeak (hybrid)",30277.5,"","",""
"1282","Rose-breasted/Black-headed Grosbeak",30278,"","",""
"1283","Blue Grosbeak",30312,"","",""
"1284","Lazuli Bunting",30320,"","",""
"1285","Indigo Bunting",30322,"","",""
"1286","Lazuli x Indigo Bunting (hybrid)",30322.5,"","",""
"1287","Lazuli/Indigo Bunting",30323,"","",""
"1288","Varied Bunting",30328,"","",""
"1289","Painted Bunting",30333,"","",""
"1290","Passerina sp.",30336,"","",""
"1291","Dickcissel",30337,"","",""
"1292","Bobolink",30338,"","",""
"1293","Red-winged Blackbird",30339,"passerines","",""
"1294","Red-winged Blackbird",30340,"passerines","",""
"1295","Western Meadowlark",30377,"","",""
"1296","Eastern Meadowlark",30387,"","",""
"1297","Eastern Meadowlark",30389,"","",""
"1298","Eastern Meadowlark",30404.5,"","",""
"1299","Western/Eastern Meadowlark",30409,"","",""
"1300","Yellow-headed Blackbird",30410,"passerines","",""
"1301","Rusty Blackbird",30416,"passerines","",""
"1302","Brewer's Blackbird",30419,"","",""
"1303","Rusty/Brewer's Blackbird",30420,"","",""
"1304","Common Grackle",30421,"passerines","",""
"1305","Common Grackle",30422,"passerines","",""
"1306","Common Grackle",30425,"passerines","",""
"1307","Great-tailed Grackle",30432,"","",""
"1308","Boat-tailed/Great-tailed Grackle",30441,"","",""
"1309","grackle sp.",30461,"passerines","",""
"1310","Bronzed Cowbird",30515,"","",""
"1311","Brown-headed Cowbird",30521,"","",""
"1312","Orchard Oriole",30546,"","",""
"1313","Orchard Oriole",30547,"","",""
"1314","Hooded Oriole",30549,"","",""
"1315","Hooded Oriole",30550,"","",""
"1316","Bullock's Oriole",30600,"","",""
"1317","Baltimore Oriole",30632,"","",""
"1318","Bullock's x Baltimore Oriole (hybrid)",30632.5,"","",""
"1319","Bullock's/Baltimore Oriole",30633,"","",""
"1320","Bullock's/Black-backed Oriole",30635,"","",""
"1321","Scott's Oriole",30636,"","",""
"1322","new world oriole sp.",30637,"","",""
"1323","blackbird sp.",30693,"","",""
"1324","Common Chaffinch",30694,"","",""
"1325","Common Chaffinch",30695,"","",""
"1326","Brambling",30714,"","",""
"1327","Gray-crowned Rosy-Finch",30825,"","",""
"1328","Gray-crowned Rosy-Finch",30828,"","",""
"1329","Gray-crowned Rosy-Finch",30829,"","",""
"1330","Gold-naped Finch",30837,"","",""
"1331","Pine Grosbeak",30849,"","",""
"1332","House Finch",30866,"","",""
"1333","House Finch",30867,"","",""
"1334","Purple Finch",30878.4,"","",""
"1335","Purple Finch",30878.6,"","",""
"1336","Purple Finch",30878.7,"","",""
"1337","House/Purple Finch",30878.8,"","",""
"1338","Cassin's Finch",30878.9,"","",""
"1339","Haemorhous sp.",30880.5,"","",""
"1340","rosefinch sp.",30942,"","",""
"1341","European Greenfinch",30954,"","",""
"1342","Oriental Greenfinch",30961,"","",""
"1343","Red Crossbill",30973,"","",""
"1344","Red Crossbill",30985.1,"","",""
"1345","Red Crossbill",30985.2,"","",""
"1346","Red Crossbill",30995,"","",""
"1347","Red Crossbill",30996,"","",""
"1348","Red Crossbill",30997,"","",""
"1349","Red Crossbill",30998,"","",""
"1350","Red Crossbill",30999,"","",""
"1351","Red Crossbill",31001,"","",""
"1352","Red Crossbill",31002,"","",""
"1353","Red Crossbill",31003,"","",""
"1354","White-winged Crossbill",31005,"","",""
"1355","White-winged Crossbill",31007,"","",""
"1356","crossbill sp.",31008,"","",""
"1357","Common Redpoll",31009,"","",""
"1358","Common Redpoll",31010,"","",""
"1359","Common Redpoll",31011,"","",""
"1360","Hoary Redpoll",31016,"","",""
"1361","Hoary Redpoll",31017,"","",""
"1362","Hoary Redpoll",31018,"","",""
"1363","Common/Hoary Redpoll",31019,"","",""
"1364","redpoll sp.",31019.5,"","",""
"1365","Eurasian Siskin",31020,"","",""
"1366","Pine Siskin",31021,"","",""
"1367","Pine Siskin",31022,"","",""
"1368","Pine Siskin",31025.2,"","",""
"1369","Lesser Goldfinch",31032,"","",""
"1370","American Goldfinch",31039,"","",""
"1371","Spinus sp.",31073,"","",""
"1372","Acanthis/Spinus sp.",31074,"","",""
"1373","European Goldfinch",31075,"","",""
"1374","Carduelis sp.",31108.5,"","",""
"1375","Yellow-fronted Canary",31142,"","",""
"1376","Evening Grosbeak",31273,"","",""
"1377","Evening Grosbeak",31276.1,"","",""
"1378","finch sp.",31340,"","",""
"1379","House Sparrow",31345,"","",""
"1380","Eurasian Tree Sparrow",31403,"","",""
"1381","House x Eurasian Tree Sparrow (hybrid)",31412,"","",""
"1382","Northern Red Bishop",31681,"","",""
"1383","Southern Red Bishop",31682,"","",""
"1384","Common Waxbill",31809,"","",""
"1385","Red-cheeked Cordonbleu",31856,"","",""
"1386","Red-headed Finch",31926,"","",""
"1387","Zebra Finch",31975.5,"","",""
"1388","Double-barred Finch",31978,"","",""
"1389","White-rumped Munia",32043,"","",""
"1390","Scaly-breasted Munia",32057,"","",""
"1391","Java Sparrow",32143,"","",""
"1392","passerine sp.",32181,"","",""
"1393","bird sp.",34000,"","",""
"1394","Aleutian Tern",NA,"seabirds_larids","",""
"1395","American Green-winged Teal",NA,"waterfowl_dabbling","Waterfowl","Dabbling Waterfowl"
"1396","American/Pacific Golden Plover",NA,"shorebirds_waders","",""
"1397","Baltimore Oriole",NA,"","",""
"1398","Black & White Warbler",NA,"","",""
"1399","Black Storm-petrel",NA,"seabirds_pelagics","",""
"1400","Black-crowned Night Heron",NA,"shorebirds_waders","",""
"1401","Black-vented Shearwater",NA,"seabirds_pelagics","",""
"1402","Bonin Petrel",NA,"seabirds_pelagics","",""
"1403","Bridled Tern",NA,"seabirds_larids","",""
"1404","Christmas Shearwater",NA,"seabirds_pelagics","",""
"1405","European Storm-Petrel",NA,"seabirds_pelagics","",""
"1406","Family: Albatrosses",NA,"seabirds_pelagics","",""
"1407","Family: Auks",NA,"seabirds_alcids","Alcids","Alcids"
"1408","Family: Blackbirds",NA,"","",""
"1409","Family: Cardinals And Buntings",NA,"","",""
"1410","Family: Cormorants and Shags",NA,"waterfowl_diving","Waterfowl","Diving Waterfowl"
"1411","Family: Crows and Jays",NA,"","",""
"1412","Family: Cuckoos",NA,"","",""
"1413","Family: Doves and Pigeons",NA,"","",""
"1414","Family: Ducks",NA,"","",""
"1415","Family: Falcons",NA,"","",""
"1416","Family: Finches",NA,"","",""
"1417","Family: Gannets",NA,"","Gannets","Gannets"
"1418","Family: Grebes",NA,"waterfowl_diving","Waterfowl","Diving Waterfowl"
"1419","Family: Grouse and Ptarmigan",NA,"","",""
"1420","Family: Gulls",NA,"","",""
"1421","Family: Hawks (Accipiter)",NA,"raptors","",""
"1422","Family: Herons",NA,"shorebirds_waders","",""
"1423","Family: Hummingbirds",NA,"","",""
"1424","Family: Hydrobatid Storm-Petrels",NA,"seabirds_pelagics","Storm-Petrels","Storm-Petrels"
"1425","Family: Jaegers and Skuas",NA,"seabirds_larids","Jaegers","Jaegers"
"1426","Family: Kingfishers",NA,"passerines","",""
"1427","Family: Kinglets",NA,"","",""
"1428","Family: Larks",NA,"","",""
"1429","Family: Loons",NA,"waterfowl_diving","Waterfowl","Diving Waterfowl"
"1430","Family: Mimic Thrushes",NA,"","",""
"1431","Family: Nuthatches",NA,"","",""
"1432","Family: Oystercatchers",NA,"shorebirds_waders","",""
"1433","Family: Pelicans",NA,"seabirds_pelagics","",""
"1434","Family: Pipits",NA,"passerines","",""
"1435","Family: Plovers",NA,"shorebirds_waders","",""
"1436","Family: Rails",NA,"shorebirds_waders","",""
"1437","Family: Sandpipers",NA,"shorebirds_waders","",""
"1438","Family: Shearwaters",NA,"","Shearwaters","Shearwaters"
"1439","Family: Sparrows",NA,"","",""
"1440","Family: Starlings",NA,"","",""
"1441","Family: Swallows",NA,"","",""
"1442","Family: Tanagers",NA,"","",""
"1443","Family: Terns and Noddies",NA,"seabirds_larids","Terns","Terns"
"1444","Family: Thrushes",NA,"","",""
"1445","Family: Tyrannidae",NA,"","",""
"1446","Family: Unknown Shorebird",NA,"shorebirds_waders","",""
"1447","Family: Vireos",NA,"","",""
"1448","Family: Warblers",NA,"","",""
"1449","Family: Waxwings",NA,"","",""
"1450","Family: Weaver Finches",NA,"","",""
"1451","Family: Woodpeckers",NA,"","",""
"1452","Family: Wren",NA,"","",""
"1453","Flesh-footed Shearwater",NA,"","",""
"1454","Genus: Boobies",NA,"seabirds_pelagics","Gannets","Gannets"
"1455","Genus: Cormorants",NA,"waterfowl_diving","Waterfowl","Diving Waterfowl"
"1456","Genus: Cuckoos (Coccyzus)",NA,"","",""
"1457","Genus: Doves (Columba)",NA,"","",""
"1458","Genus: Doves (Zenaida)",NA,"","",""
"1459","Genus: Dowitchers",NA,"shorebirds_waders","",""
"1460","Genus: Ducks",NA,"waterfowl_dabbling","Waterfowl",""
"1461","Genus: Eiders",NA,"waterfowl_diving","Waterfowl","Diving Waterfowl"
"1462","Genus: Eiders or Scoters",NA,"waterfowl_diving","Waterfowl","Diving Waterfowl"
"1463","Genus: Empidonax flycatchers",NA,"","",""
"1464","Genus: Frigatebirds",NA,"seabirds_pelagics","",""
"1465","Genus: Fulmars",NA,"seabirds_pelagics","Shearwaters","Shearwaters"
"1466","Genus: Geese",NA,"waterfowl_dabbling","Waterfowl","Dabbling Waterfowl"
"1467","Genus: Godwits",NA,"shorebirds_waders","",""
"1468","Genus: Goldeneye and Bufflehead",NA,"waterfowl_diving","Waterfowl","Diving Waterfowl"
"1469","Genus: Guillemots",NA,"seabirds_alcids","Alcids","Alcids"
"1470","Genus: Gulls (Larus)",NA,"seabirds_larids","Gulls","Gulls"
"1471","Genus: Gulls",NA,"","Gulls","Gulls"
"1472","Genus: Gulls white-winged (Iceland or Glaucous)",NA,"seabirds_larids","Gulls","Gulls"
"1473","Genus: Hawks (Buteos)",NA,"","",""
"1474","Genus: Jaegers",NA,"seabirds_larids","Jaegers","Jaegers"
"1475","Genus: Kingfishers",NA,"","",""
"1476","Genus: Kittiwakes",NA,"seabirds_larids","Gulls","Gulls"
"1477","Genus: Mergansers",NA,"waterfowl_diving","Waterfowl","Diving Waterfowl"
"1478","Genus: Murrelets (Synthliboramphus and Brachyramphus )",NA,"seabirds_alcids","Alcids","Alcids"
"1479","Genus: Murres",NA,"seabirds_alcids","Alcids","Alcids"
"1480","Genus: Noddies",NA,"seabirds_pelagics","Terns","Terns"
"1481","Genus: Oystercatchers",NA,"shorebirds_waders","",""
"1482","Genus: Petrels (Pterodroma)",NA,"seabirds_pelagics","",""
"1483","Genus: Phalaropes",NA,"shorebirds_waders","Phalaropes","Phalaropes"
"1484","Genus: Plovers (Charadrius)",NA,"shorebirds_waders","",""
"1485","Genus: Plovers (Pluvialis)",NA,"shorebirds_waders","",""
"1486","Genus: Puffins",NA,"seabirds_alcids","Alcids","Alcids"
"1487","Genus: Redpoll (Common or Hoary)",NA,"","",""
"1488","Genus: Redpolls",NA,"","",""
"1489","Genus: Sandpipers (Calidris)",NA,"shorebirds_waders","",""
"1490","Genus: Sandpipers or Phalaropes",NA,"shorebirds_waders","",""
"1491","Genus: Scaup",NA,"waterfowl_diving","Waterfowl","Diving Waterfowl"
"1492","Genus: Scoters",NA,"waterfowl_diving","Waterfowl","Diving Waterfowl"
"1493","Genus: Shearwaters (Calonectris)",NA,"seabirds_pelagics","Shearwaters","Shearwaters"
"1494","Genus: Shearwaters (Puffinus or Calonectris)",NA,"seabirds_pelagics","Shearwaters","Shearwaters"
"1495","Genus: Shearwaters (Puffinus)",NA,"seabirds_pelagics","Shearwaters","Shearwaters"
"1496","Genus: Shorebirds (Tringa) Yellowlegs",NA,"shorebirds_waders","",""
"1497","Genus: Shorebirds (Whimbrel and Curlews)",NA,"shorebirds_waders","",""
"1498","Genus: Skuas",NA,"seabirds_larids","Jaegers","Jaegers"
"1499","Genus: Small gull",NA,"","Gulls","Gulls"
"1500","Genus: Snipes",NA,"shorebirds_waders","",""
"1501","Genus: Storm-Petrels (Fregetta)",NA,"seabirds_pelagics","Storm-Petrels","Storm-Petrels"
"1502","Genus: Storm-Petrels (Oceanites)",NA,"seabirds_pelagics","Storm-Petrels","Storm-Petrels"
"1503","Genus: Storm-Petrels (Oceanodroma)",NA,"seabirds_pelagics","Storm-Petrels","Storm-Petrels"
"1504","Genus: Terns (Childonias)",NA,"seabirds_larids","Terns","Terns"
"1505","Genus: Terns (Common or Arctic)",NA,"seabirds_larids","Terns","Terns"
"1506","Genus: Terns (Sterna)",NA,"seabirds_larids","Terns","Terns"
"1507","Genus: Terns (all genera)",NA,"seabirds_larids","Terns","Terns"
"1508","Genus: Tropicbirds",NA,"","",""
"1509","Great Frigatebird",NA,"seabirds_pelagics","",""
"1510","Harcourt's Petrel",NA,"","",""
"1511","Hawaiian Petrel or Galapagos Petrel",NA,"seabirds_pelagics","",""
"1512","Herald Petrel",NA,"seabirds_pelagics","",""
"1513","Herald Petrel",NA,"","",""
"1514","Herald Petrel",NA,"","",""
"1515","Iceland Gull - glaucoides ssp.",NA,"seabirds_larids","Gulls","Gulls"
"1516","Iceland Gull/Kumlien's  Gull - kumlieni ssp.",NA,"seabirds_larids","Gulls","Gulls"
"1517","Ipswich Sparrow",NA,"","",""
"1518","Juan Fernandez Petrel",NA,"seabirds_pelagics","",""
"1519","Least Auklet",NA,"seabirds_alcids","",""
"1520","Least Storm-petrel",NA,"seabirds_pelagics","",""
"1521","Lesser Noddy",NA,"seabirds_larids","",""
"1522","Lincolns Sparrow",NA,"","",""
"1523","Little Shearwater",NA,"","",""
"1524","Magnificent Frigatebird",NA,"","",""
"1525","Masked Booby",NA,"seabirds_pelagics","",""
"1526","Mew Gull",NA,"","",""
"1527","Murre or Razorbill",NA,"seabirds_alcids","Alcids","Alcids"
"1528","Myrtle Warbler",NA,"","",""
"1529","Nashville warbler",NA,"","",""
"1530","Orage-crowned Warbler",NA,"","",""
"1531","Order: Albatrosses",NA,"","",""
"1532","Storm-Petrels",NA,"seabirds_pelagics","Storm-Petrels","Storm-Petrels"
"1533","Order: Birds of Prey",NA,"","",""
"1534","Order: Cuckoos and Anis",NA,"","",""
"1535","Order: Doves and Pigeon",NA,"","",""
"1536","Order: Herons",NA,"","",""
"1537","Order: Kingfishers",NA,"","",""
"1538","Order: Loons",NA,"waterfowl_diving","Waterfowl","Diving Waterfowl"
"1539","Order: Owls",NA,"","",""
"1540","Order: Passerines",NA,"","",""
"1541","Order: Pelicans",NA,"","",""
"1542"," Cormorants",NA,"","",""
"1543","Order: Pheasants",NA,"","",""
"1544","Order: Rails and Cranes",NA,"shorebirds_waders","",""
"1545","Order: Shorebirds",NA,"","",""
"1546","Order: Waterfowl",NA,"","",""
"1547","Polynesian Storm-Petrel",NA,"seabirds_pelagics","",""
"1548","Red-billed Tropicbird",NA,"","",""
"1549","Red-footed Booby",NA,"seabirds_pelagics","",""
"1550","Rufous-sided Towhee",NA,"","",""
"1551","Shag",NA,"","",""
"1552","Slate-colored Junco",NA,"","",""
"1553","Solander's Petrel",NA,"seabirds_pelagics","",""
"1554","Sooty Gull",NA,"","",""
"1555","Sooty Tern",NA,"","",""
"1556","Spectacled Guillemot",NA,"","",""
"1557","Streaked Shearwater",NA,"seabirds_pelagics","",""
"1558","Swainsons Thrush",NA,"","",""
"1559","Tahiti Petrel",NA,"seabirds_pelagics","",""
"1560","Townsend's Shearwater",NA,"seabirds_pelagics","",""
"1561","Unknown Bird",NA,"","",""
"1562","Unknown Songbird",NA,"","",""
"1563","Vega Gull",NA,"seabirds_larids","",""
"1564","Wedge-rumped Storm-petrel",NA,"seabirds_pelagics","",""
"1565","Wedge-tailed Shearwater",NA,"seabirds_pelagics","",""
"1566","Western-Glaucous-winged Gull (Hybrid)",NA,"seabirds_larids","",""
"1567","Whiskered Auklet",NA,"seabirds_alcids","",""
"1568","White Tern",NA,"","",""
"1569","White-bellied Storm-petrel",NA,"seabirds_pelagics","",""
"1570","White-cheeked Tern",NA,"seabirds_larids","",""
"1571","White-tailed Eagle",NA,"","",""
"1572","White-winged  Tern",NA,"seabirds_larids","",""
"1573","Wilson's Storm Petrel",NA,"seabirds_pelagics","Storm-Petrels","Storm-Petrels"
"1574","Wilsons Snipe",NA,"shorebirds_waders","",""
"1575","Xantus's Murrelet",NA,"seabirds_alcids","",""
"1576","Yelkouan Shearwater",NA,"seabirds_pelagics","",""
"1577","Yellow Wagtail",NA,"","",""
"1578","Seaduck sp",NA,"waterfowl_diving","",""
"1579","Goldeneyes sp",NA,"waterfowl_diving","",""
"1580","Scaup sp",NA,"waterfowl_diving","",""
"1581","Diver sp",NA,"waterfowl_diving","",""
"1582","Auk sp",NA,"seabirds_alcids","",""
"1583","Sandpiper sp",NA,"shorebirds_waders","",""
"1584","Dabbler sp",NA,"waterfowl_dabbling","",""
"1585","Mallard x Black duck",NA,"waterfowl_dabbling","",""
"1586","Snow Goose (blue morph)",NA,"waterfowl_dabbling","",""
"1587","Common Moorhen",NA,"waterfowl_dabbling","",""
